Order_ID,Date,City,Restaurant,Category,Orders,Revenue,Delivery_Time_Min,Status,Payment_Method,Customer_Rating
1001,2025-01-01,Pune,Burger King,South Indian,3,1161,25,Delivered,UPI,3.5
1002,2025-03-13,Mumbai,Burger King,Burgers,1,332,29,Delivered,Card,4.1
1003,2025-05-13,Pune,KFC,Desserts,2,690,28,Delivered,UPI,4.8
1004,2025-06-06,Chennai,A2B Veg Restaurant,Biryani,4,676,33,Delivered,Card,4.0
1005,2025-01-17,Chennai,Meghana Foods,Desserts,1,293,20,Delivered,Card,3.9
1006,2025-02-15,Bangalore,Domino's Pizza,Burgers,3,1005,40,Delivered,Cash,4.5
1007,2025-06-02,Pune,Meghana Foods,Biryani,4,1396,21,Delivered,Card,4.0
1008,2025-06-23,Delhi,KFC,Biryani,2,430,38,Delivered,UPI,3.4
1009,2025-05-05,Delhi,KFC,Desserts,3,588,47,Delivered,UPI,4.1
1010,2025-03-31,Hyderabad,KFC,Burgers,2,330,24,Delivered,Cash,4.9
1011,2025-04-13,Hyderabad,Paradise Biryani,Biryani,2,594,49,Delivered,Card,3.2
1012,2025-02-08,Mumbai,Domino's Pizza,Burgers,2,732,50,Delivered,UPI,4.3
1013,2025-06-23,Mumbai,Meghana Foods,Biryani,1,340,29,Delivered,UPI,3.5
1014,2025-06-25,Mumbai,Domino's Pizza,Desserts,3,888,41,Delivered,Wallet,3.0
1015,2025-06-28,Hyderabad,KFC,Desserts,1,229,39,Delivered,UPI,3.8
1016,2025-01-02,Pune,Pizza Hut,Burgers,4,1152,50,Delivered,UPI,3.5
1017,2025-06-06,Pune,Burger King,Desserts,2,500,37,Delivered,Card,4.3
1018,2025-05-07,Mumbai,KFC,Pizza,2,652,39,Delivered,Wallet,4.4
1019,2025-02-13,Chennai,Meghana Foods,Pizza,4,1460,23,Delivered,Card,3.4
1020,2025-03-25,Delhi,Domino's Pizza,Desserts,1,333,38,Delivered,Wallet,4.1
1021,2025-05-08,Delhi,KFC,South Indian,1,379,20,Delivered,Wallet,4.6
1022,2025-01-08,Bangalore,Burger King,South Indian,4,1092,20,Delivered,Wallet,3.8
1023,2025-01-16,Pune,Burger King,Biryani,4,1300,24,Delivered,UPI,4.6
1024,2025-01-30,Chennai,KFC,South Indian,2,482,29,Delivered,Card,3.6
1025,2025-01-04,Hyderabad,Pizza Hut,Pizza,1,288,24,Delivered,Wallet,3.7
1026,2025-05-05,Bangalore,Domino's Pizza,Pizza,1,191,47,Cancelled,Wallet,3.0
1027,2025-04-30,Mumbai,Paradise Biryani,South Indian,3,699,28,Cancelled,Wallet,3.6
1028,2025-03-18,Bangalore,KFC,Desserts,2,520,22,Delivered,UPI,4.4
1029,2025-06-13,Bangalore,Paradise Biryani,Burgers,4,1396,31,Delivered,UPI,3.9
1030,2025-06-16,Mumbai,A2B Veg Restaurant,Biryani,4,1228,42,Delivered,UPI,4.0
1031,2025-06-11,Bangalore,Domino's Pizza,Biryani,1,384,23,Delivered,Cash,5.0
1032,2025-01-07,Pune,Domino's Pizza,Pizza,2,596,49,Delivered,Cash,4.9
1033,2025-06-09,Delhi,Domino's Pizza,Desserts,3,759,44,Delivered,Card,3.9
1034,2025-01-19,Bangalore,KFC,Desserts,2,368,29,Delivered,UPI,3.4
1035,2025-02-05,Mumbai,Pizza Hut,Chinese,4,944,44,Delivered,Card,4.4
1036,2025-02-01,Chennai,Meghana Foods,South Indian,3,693,33,Pending,Cash,4.2
1037,2025-05-27,Bangalore,Paradise Biryani,Desserts,3,1197,38,Delivered,Wallet,4.6
1038,2025-01-06,Mumbai,Burger King,Biryani,4,856,28,Cancelled,Cash,4.7
1039,2025-02-21,Bangalore,Meghana Foods,Desserts,4,1440,36,Delivered,Wallet,3.7
1040,2025-04-04,Chennai,KFC,Chinese,4,1272,27,Delivered,UPI,3.2
1041,2025-02-08,Delhi,Paradise Biryani,Pizza,3,717,25,Delivered,Card,3.5
1042,2025-05-23,Bangalore,A2B Veg Restaurant,Pizza,3,843,35,Delivered,Cash,3.8
1043,2025-02-11,Pune,KFC,Biryani,3,510,43,Delivered,Wallet,3.8
1044,2025-03-19,Pune,KFC,Biryani,1,184,28,Cancelled,Cash,3.5
1045,2025-02-20,Mumbai,A2B Veg Restaurant,South Indian,2,360,50,Delivered,Wallet,4.2
1046,2025-05-01,Hyderabad,Domino's Pizza,Desserts,3,513,43,Delivered,UPI,3.5
1047,2025-05-03,Pune,Pizza Hut,South Indian,2,396,34,Cancelled,Cash,3.4
1048,2025-01-17,Pune,KFC,Burgers,4,1460,22,Delivered,Card,3.7
1049,2025-01-09,Delhi,Pizza Hut,South Indian,3,933,24,Delivered,UPI,4.2
1050,2025-03-10,Bangalore,Pizza Hut,Pizza,2,380,37,Cancelled,Cash,3.2
1051,2025-01-27,Mumbai,Paradise Biryani,Chinese,3,1182,36,Delivered,Cash,4.3
1052,2025-06-04,Pune,KFC,Desserts,4,676,26,Delivered,Card,3.3
1053,2025-03-03,Chennai,Pizza Hut,Burgers,1,291,27,Delivered,UPI,4.1
1054,2025-03-02,Mumbai,KFC,Chinese,3,471,27,Delivered,Card,3.8
1055,2025-03-14,Pune,Meghana Foods,South Indian,1,191,46,Delivered,Cash,4.5
1056,2025-05-02,Mumbai,Pizza Hut,Pizza,2,388,22,Delivered,UPI,4.5
1057,2025-04-25,Mumbai,Paradise Biryani,Burgers,4,1428,41,Delivered,Card,3.6
1058,2025-02-11,Mumbai,Pizza Hut,Desserts,4,1448,30,Pending,Wallet,4.6
1059,2025-04-02,Bangalore,Burger King,South Indian,4,1036,32,Delivered,Card,3.5
1060,2025-05-01,Pune,Domino's Pizza,Chinese,3,969,24,Delivered,UPI,4.7
1061,2025-06-19,Hyderabad,Domino's Pizza,South Indian,3,645,46,Delivered,Cash,3.3
1062,2025-06-22,Mumbai,Paradise Biryani,Burgers,4,636,27,Delivered,Wallet,4.5
1063,2025-05-19,Bangalore,KFC,Chinese,3,819,20,Delivered,UPI,4.2
1064,2025-03-03,Chennai,KFC,Pizza,1,345,28,Delivered,UPI,3.3
1065,2025-01-04,Delhi,A2B Veg Restaurant,Biryani,4,1588,26,Delivered,Wallet,4.9
1066,2025-02-24,Hyderabad,Meghana Foods,Chinese,1,337,34,Delivered,Cash,4.4
1067,2025-01-23,Mumbai,Meghana Foods,Biryani,1,246,21,Delivered,Cash,4.9
1068,2025-06-14,Mumbai,Pizza Hut,Desserts,1,339,41,Delivered,Wallet,4.4
1069,2025-03-25,Chennai,A2B Veg Restaurant,Pizza,3,804,26,Delivered,UPI,3.9
1070,2025-03-01,Bangalore,Meghana Foods,Pizza,4,1600,35,Delivered,UPI,3.9
1071,2025-01-24,Mumbai,Pizza Hut,Biryani,2,300,48,Cancelled,Cash,3.3
1072,2025-03-21,Hyderabad,Pizza Hut,Biryani,1,384,39,Delivered,Wallet,4.8
1073,2025-03-12,Bangalore,KFC,South Indian,2,310,26,Delivered,Wallet,4.0
1074,2025-02-17,Pune,A2B Veg Restaurant,Burgers,3,771,42,Delivered,UPI,3.3
1075,2025-04-05,Hyderabad,A2B Veg Restaurant,Pizza,4,1048,46,Delivered,Card,4.8
1076,2025-03-31,Bangalore,Paradise Biryani,Pizza,3,786,45,Delivered,Wallet,4.4
1077,2025-04-23,Mumbai,Paradise Biryani,Burgers,4,1048,46,Delivered,UPI,3.2
1078,2025-04-07,Hyderabad,Pizza Hut,Desserts,1,389,42,Delivered,UPI,4.0
1079,2025-04-22,Bangalore,Paradise Biryani,Burgers,2,618,25,Delivered,UPI,4.5
1080,2025-01-20,Pune,KFC,Biryani,3,1179,28,Delivered,Card,4.2
1081,2025-02-27,Chennai,Domino's Pizza,Desserts,3,1080,26,Delivered,UPI,3.7
1082,2025-05-09,Delhi,KFC,Biryani,2,494,26,Delivered,Wallet,3.7
1083,2025-02-20,Hyderabad,Domino's Pizza,Desserts,3,642,38,Delivered,Wallet,3.2
1084,2025-05-05,Pune,A2B Veg Restaurant,Pizza,2,670,43,Delivered,Card,4.1
1085,2025-04-08,Chennai,Pizza Hut,Burgers,3,876,37,Delivered,Card,3.0
1086,2025-01-22,Hyderabad,Paradise Biryani,South Indian,4,1132,40,Cancelled,Card,5.0
1087,2025-02-01,Mumbai,A2B Veg Restaurant,Biryani,1,287,49,Delivered,Cash,3.8
1088,2025-05-05,Mumbai,A2B Veg Restaurant,Chinese,3,1158,48,Delivered,UPI,3.2
1089,2025-03-03,Delhi,KFC,Desserts,4,728,30,Delivered,Wallet,3.4
1090,2025-03-08,Delhi,A2B Veg Restaurant,Desserts,1,256,44,Cancelled,Wallet,3.7
1091,2025-04-01,Chennai,A2B Veg Restaurant,Desserts,1,167,44,Pending,Card,3.5
1092,2025-05-28,Hyderabad,KFC,Pizza,1,161,37,Delivered,Card,3.9
1093,2025-03-23,Delhi,Burger King,Biryani,4,1576,43,Delivered,Card,4.3
1094,2025-03-13,Bangalore,KFC,Pizza,1,345,24,Delivered,UPI,4.2
1095,2025-04-16,Pune,Burger King,Burgers,2,546,27,Delivered,Card,4.3
1096,2025-02-09,Bangalore,A2B Veg Restaurant,Biryani,3,963,35,Pending,Cash,4.8
1097,2025-03-05,Mumbai,Domino's Pizza,Desserts,4,1000,20,Delivered,Card,3.1
1098,2025-06-09,Hyderabad,KFC,Burgers,1,326,26,Delivered,UPI,4.8
1099,2025-01-06,Pune,Meghana Foods,South Indian,1,169,29,Delivered,Cash,3.3
1100,2025-05-09,Hyderabad,A2B Veg Restaurant,Biryani,3,717,43,Cancelled,Card,4.9
1101,2025-02-27,Hyderabad,Burger King,South Indian,3,651,47,Delivered,UPI,3.7
1102,2025-05-31,Pune,Paradise Biryani,Burgers,1,381,47,Delivered,Wallet,3.4
1103,2025-02-06,Delhi,Pizza Hut,South Indian,4,1104,23,Delivered,UPI,4.0
1104,2025-03-25,Chennai,Domino's Pizza,Pizza,2,774,48,Delivered,Card,4.2
1105,2025-02-17,Mumbai,A2B Veg Restaurant,Biryani,3,951,49,Delivered,Card,4.0
1106,2025-05-15,Pune,Meghana Foods,Pizza,3,600,40,Pending,Card,3.6
1107,2025-04-13,Hyderabad,Paradise Biryani,Desserts,2,752,46,Delivered,Cash,3.2
1108,2025-01-30,Pune,Paradise Biryani,Burgers,2,350,33,Delivered,Wallet,3.0
1109,2025-06-20,Hyderabad,Paradise Biryani,Burgers,4,1052,47,Delivered,Wallet,3.4
1110,2025-03-07,Bangalore,Paradise Biryani,Desserts,3,636,43,Delivered,UPI,3.1
1111,2025-03-13,Chennai,Pizza Hut,Pizza,4,892,46,Delivered,Wallet,4.2
1112,2025-03-17,Mumbai,Burger King,South Indian,4,1068,22,Delivered,Card,3.7
1113,2025-04-23,Bangalore,Meghana Foods,Desserts,3,1125,49,Delivered,Card,4.6
1114,2025-03-30,Hyderabad,Domino's Pizza,Biryani,1,227,34,Delivered,Cash,4.2
1115,2025-04-03,Delhi,Paradise Biryani,Desserts,3,1077,31,Delivered,UPI,4.5
1116,2025-03-28,Pune,Domino's Pizza,Chinese,4,1564,23,Delivered,Cash,4.0
1117,2025-03-16,Chennai,Pizza Hut,Pizza,4,1472,34,Delivered,Cash,4.5
1118,2025-04-27,Mumbai,Domino's Pizza,Biryani,1,383,47,Delivered,Wallet,4.4
1119,2025-02-12,Mumbai,KFC,Chinese,2,422,31,Delivered,Cash,4.3
1120,2025-01-16,Mumbai,Meghana Foods,Biryani,1,162,36,Delivered,Cash,4.3
1121,2025-06-19,Bangalore,Meghana Foods,Chinese,4,732,44,Delivered,UPI,4.2
1122,2025-04-04,Hyderabad,Paradise Biryani,Burgers,4,1556,50,Delivered,Card,4.9
1123,2025-03-31,Hyderabad,Domino's Pizza,Chinese,1,368,45,Delivered,Card,4.2
1124,2025-04-28,Delhi,Domino's Pizza,Desserts,1,273,39,Delivered,Card,4.1
1125,2025-04-14,Chennai,A2B Veg Restaurant,Burgers,1,204,27,Delivered,Wallet,4.5
1126,2025-01-03,Bangalore,Domino's Pizza,Burgers,1,246,41,Delivered,Card,3.8
1127,2025-02-14,Mumbai,A2B Veg Restaurant,Chinese,1,379,50,Delivered,Wallet,4.5
1128,2025-05-08,Chennai,Meghana Foods,Biryani,1,265,36,Delivered,Wallet,3.2
1129,2025-01-02,Delhi,Paradise Biryani,Desserts,4,728,50,Pending,Wallet,4.0
1130,2025-06-10,Bangalore,Burger King,South Indian,1,331,32,Delivered,Card,4.3
1131,2025-02-06,Mumbai,Pizza Hut,Burgers,2,486,24,Delivered,UPI,4.9
1132,2025-01-24,Bangalore,KFC,South Indian,4,1032,21,Delivered,Cash,3.5
1133,2025-04-02,Pune,Paradise Biryani,Biryani,4,880,28,Pending,Card,3.3
1134,2025-05-19,Delhi,Pizza Hut,Desserts,3,543,50,Delivered,Wallet,4.9
1135,2025-04-30,Bangalore,Domino's Pizza,Desserts,4,1184,36,Delivered,Wallet,4.2
1136,2025-06-11,Pune,Pizza Hut,Pizza,2,550,41,Delivered,Wallet,4.8
1137,2025-01-24,Mumbai,Pizza Hut,Biryani,4,904,30,Delivered,UPI,4.1
1138,2025-06-25,Bangalore,Burger King,Desserts,4,928,37,Delivered,Card,4.9
1139,2025-03-08,Mumbai,Paradise Biryani,Burgers,2,770,48,Delivered,UPI,3.1
1140,2025-01-29,Mumbai,Pizza Hut,Burgers,1,330,47,Delivered,Wallet,3.1
1141,2025-06-20,Pune,Pizza Hut,Biryani,4,1188,39,Delivered,UPI,4.2
1142,2025-05-15,Hyderabad,Burger King,Burgers,1,324,31,Delivered,Cash,4.4
1143,2025-04-21,Bangalore,KFC,Chinese,4,912,31,Delivered,Card,3.9
1144,2025-02-20,Hyderabad,Meghana Foods,Desserts,2,738,32,Delivered,Cash,4.1
1145,2025-03-29,Hyderabad,KFC,South Indian,4,1424,31,Delivered,Cash,4.7
1146,2025-03-12,Bangalore,Pizza Hut,Chinese,4,860,42,Delivered,UPI,4.8
1147,2025-06-24,Pune,Burger King,Chinese,2,704,50,Delivered,Cash,4.7
1148,2025-02-10,Bangalore,Domino's Pizza,Desserts,3,1191,24,Pending,UPI,3.2
1149,2025-06-18,Chennai,KFC,Biryani,1,341,23,Delivered,Wallet,3.6
1150,2025-01-13,Chennai,A2B Veg Restaurant,Chinese,4,1148,25,Delivered,Card,3.3
1151,2025-02-10,Mumbai,Paradise Biryani,South Indian,1,370,45,Delivered,Cash,4.0
1152,2025-01-12,Delhi,Burger King,Desserts,2,394,44,Delivered,Wallet,4.2
1153,2025-03-04,Delhi,KFC,Pizza,3,1014,22,Delivered,UPI,4.1
1154,2025-06-26,Mumbai,Domino's Pizza,South Indian,4,616,20,Delivered,Card,3.8
1155,2025-06-14,Mumbai,A2B Veg Restaurant,South Indian,3,1158,46,Cancelled,Card,3.2
1156,2025-06-18,Chennai,Pizza Hut,Desserts,2,562,29,Delivered,Cash,3.0
1157,2025-06-20,Bangalore,KFC,Desserts,1,390,43,Delivered,Wallet,4.3
1158,2025-03-27,Mumbai,Paradise Biryani,Desserts,4,880,33,Delivered,Cash,4.1
1159,2025-01-10,Chennai,Meghana Foods,South Indian,4,1600,36,Pending,Card,3.2
1160,2025-05-02,Mumbai,KFC,Chinese,1,159,39,Cancelled,UPI,4.6
1161,2025-03-04,Hyderabad,Paradise Biryani,Pizza,2,788,32,Delivered,UPI,3.6
1162,2025-06-17,Delhi,Domino's Pizza,Chinese,2,324,42,Delivered,Wallet,3.5
1163,2025-03-19,Chennai,Paradise Biryani,South Indian,4,748,21,Delivered,Wallet,4.2
1164,2025-05-05,Hyderabad,Paradise Biryani,Chinese,1,260,22,Cancelled,Card,4.0
1165,2025-06-13,Chennai,KFC,Biryani,3,1068,40,Delivered,UPI,4.6
1166,2025-06-05,Chennai,Meghana Foods,South Indian,1,393,37,Delivered,UPI,5.0
1167,2025-04-03,Mumbai,Burger King,Biryani,2,538,39,Delivered,Card,3.4
1168,2025-05-11,Mumbai,Domino's Pizza,Pizza,1,307,24,Pending,Wallet,4.5
1169,2025-03-25,Mumbai,KFC,Biryani,2,548,47,Delivered,Cash,3.4
1170,2025-01-31,Delhi,Meghana Foods,Biryani,3,1044,43,Delivered,UPI,5.0
1171,2025-06-16,Mumbai,Paradise Biryani,Desserts,2,448,29,Delivered,Wallet,4.5
1172,2025-05-22,Bangalore,Meghana Foods,South Indian,2,338,22,Delivered,Card,3.3
1173,2025-01-19,Mumbai,KFC,Desserts,4,692,37,Pending,Card,3.2
1174,2025-02-05,Mumbai,Meghana Foods,Pizza,4,648,28,Delivered,Wallet,4.4
1175,2025-02-14,Chennai,A2B Veg Restaurant,Burgers,3,1098,23,Delivered,Wallet,4.9
1176,2025-04-05,Pune,KFC,Desserts,2,420,25,Delivered,UPI,4.6
1177,2025-03-13,Mumbai,Meghana Foods,Desserts,2,520,21,Cancelled,Card,4.0
1178,2025-06-19,Mumbai,Burger King,Chinese,1,176,29,Delivered,Wallet,3.3
1179,2025-05-14,Chennai,Pizza Hut,South Indian,1,279,40,Delivered,UPI,3.6
1180,2025-01-16,Pune,Paradise Biryani,Pizza,1,396,31,Delivered,Cash,3.9
1181,2025-02-20,Chennai,KFC,Chinese,3,1002,49,Delivered,Wallet,3.6
1182,2025-06-06,Chennai,Domino's Pizza,South Indian,2,768,45,Pending,UPI,3.3
1183,2025-03-23,Delhi,KFC,Biryani,1,261,34,Delivered,Card,4.0
1184,2025-01-21,Pune,Pizza Hut,Desserts,3,1035,36,Delivered,Wallet,3.8
1185,2025-05-03,Pune,Domino's Pizza,Burgers,1,294,20,Delivered,UPI,3.5
1186,2025-01-13,Hyderabad,A2B Veg Restaurant,Biryani,2,390,27,Cancelled,UPI,3.3
1187,2025-02-20,Mumbai,Paradise Biryani,Burgers,3,744,46,Delivered,UPI,4.6
1188,2025-02-04,Delhi,KFC,Desserts,4,1288,39,Pending,Cash,4.9
1189,2025-04-11,Bangalore,KFC,Desserts,2,744,32,Delivered,UPI,4.4
1190,2025-06-20,Hyderabad,Pizza Hut,Desserts,2,538,28,Delivered,Card,3.4
1191,2025-04-13,Delhi,Domino's Pizza,South Indian,2,586,33,Delivered,UPI,3.4
1192,2025-04-07,Mumbai,Paradise Biryani,Pizza,4,1440,28,Delivered,Wallet,3.9
1193,2025-05-31,Chennai,A2B Veg Restaurant,Desserts,1,194,31,Pending,UPI,3.6
1194,2025-04-06,Delhi,Pizza Hut,Biryani,2,318,21,Delivered,Wallet,3.8
1195,2025-06-19,Bangalore,Domino's Pizza,Chinese,2,362,34,Delivered,Cash,4.1
1196,2025-03-03,Delhi,A2B Veg Restaurant,Desserts,4,1056,48,Delivered,Cash,4.7
1197,2025-02-02,Pune,Paradise Biryani,Desserts,2,798,37,Delivered,Wallet,4.0
1198,2025-04-19,Mumbai,KFC,Desserts,3,981,41,Delivered,Card,3.7
1199,2025-05-01,Delhi,Paradise Biryani,Biryani,1,193,49,Delivered,UPI,3.9
1200,2025-06-25,Bangalore,Domino's Pizza,Biryani,2,468,30,Delivered,Card,4.2
1201,2025-04-15,Mumbai,A2B Veg Restaurant,Burgers,2,592,49,Delivered,Card,4.2
1202,2025-01-21,Pune,Domino's Pizza,Desserts,4,976,21,Cancelled,Cash,4.5
1203,2025-01-19,Pune,Burger King,Chinese,2,450,20,Delivered,UPI,4.1
1204,2025-04-15,Hyderabad,Domino's Pizza,Biryani,4,1224,45,Delivered,UPI,4.7
1205,2025-06-07,Delhi,Domino's Pizza,South Indian,3,555,32,Delivered,Wallet,3.7
1206,2025-06-17,Pune,Burger King,Biryani,4,1012,28,Delivered,Card,3.9
1207,2025-05-16,Hyderabad,KFC,Pizza,1,192,27,Delivered,Wallet,4.9
1208,2025-01-30,Delhi,KFC,South Indian,4,896,34,Delivered,Cash,4.4
1209,2025-03-28,Bangalore,Meghana Foods,Desserts,1,219,22,Delivered,Card,3.7
1210,2025-03-05,Mumbai,A2B Veg Restaurant,Burgers,2,546,34,Delivered,Cash,3.9
1211,2025-06-24,Delhi,Pizza Hut,Desserts,3,621,48,Delivered,UPI,4.1
1212,2025-03-06,Delhi,Meghana Foods,Biryani,3,834,28,Delivered,Wallet,3.1
1213,2025-04-17,Delhi,A2B Veg Restaurant,Chinese,3,714,38,Delivered,Wallet,3.9
1214,2025-02-28,Hyderabad,Domino's Pizza,Pizza,2,644,34,Cancelled,Cash,4.9
1215,2025-01-03,Delhi,KFC,South Indian,4,720,41,Delivered,Wallet,3.3
1216,2025-01-04,Hyderabad,Paradise Biryani,South Indian,4,1416,22,Delivered,Cash,4.6
1217,2025-05-18,Delhi,Paradise Biryani,Desserts,2,446,50,Cancelled,Wallet,4.6
1218,2025-06-22,Chennai,A2B Veg Restaurant,Pizza,3,1110,27,Delivered,Card,4.6
1219,2025-04-12,Mumbai,Pizza Hut,Burgers,2,330,25,Pending,Wallet,3.9
1220,2025-02-22,Delhi,Meghana Foods,South Indian,4,1224,46,Delivered,Card,4.3
1221,2025-01-02,Bangalore,Domino's Pizza,Pizza,2,504,33,Delivered,Card,4.1
1222,2025-04-17,Chennai,KFC,Biryani,4,1456,31,Delivered,Card,4.2
1223,2025-04-14,Pune,Burger King,Burgers,1,330,37,Cancelled,Wallet,4.0
1224,2025-06-24,Hyderabad,Pizza Hut,South Indian,3,543,46,Delivered,Cash,4.5
1225,2025-04-03,Hyderabad,A2B Veg Restaurant,Biryani,1,270,36,Delivered,Card,3.7
1226,2025-06-23,Chennai,Domino's Pizza,Biryani,3,624,23,Delivered,Wallet,3.7
1227,2025-03-11,Bangalore,Meghana Foods,Chinese,4,1128,35,Delivered,Wallet,4.5
1228,2025-02-17,Bangalore,Domino's Pizza,South Indian,4,736,41,Delivered,Cash,3.8
1229,2025-05-14,Hyderabad,Meghana Foods,Pizza,4,1112,43,Delivered,Cash,3.7
1230,2025-06-29,Hyderabad,KFC,South Indian,3,681,36,Delivered,Cash,4.5
1231,2025-06-22,Delhi,Meghana Foods,Burgers,1,325,34,Delivered,UPI,3.9
1232,2025-06-18,Pune,Pizza Hut,Pizza,2,512,44,Delivered,Cash,4.3
1233,2025-03-30,Chennai,Paradise Biryani,Biryani,4,760,20,Delivered,Cash,3.6
1234,2025-05-30,Chennai,Burger King,Desserts,4,1384,47,Delivered,Wallet,4.0
1235,2025-02-27,Chennai,Meghana Foods,Pizza,4,1384,38,Delivered,Card,3.1
1236,2025-02-23,Mumbai,Burger King,Chinese,2,582,35,Delivered,Cash,4.1
1237,2025-06-14,Hyderabad,Paradise Biryani,Chinese,2,408,49,Delivered,Cash,4.5
1238,2025-04-10,Hyderabad,KFC,Biryani,3,540,20,Delivered,Cash,3.3
1239,2025-03-15,Chennai,Paradise Biryani,Biryani,2,450,27,Pending,Cash,4.8
1240,2025-06-24,Hyderabad,KFC,Biryani,3,690,22,Delivered,Cash,4.7
1241,2025-02-12,Bangalore,Meghana Foods,Pizza,2,348,44,Delivered,Wallet,3.2
1242,2025-04-18,Hyderabad,A2B Veg Restaurant,Burgers,3,564,21,Delivered,UPI,3.6
1243,2025-04-29,Hyderabad,A2B Veg Restaurant,Burgers,1,322,27,Delivered,UPI,3.5
1244,2025-01-26,Bangalore,Meghana Foods,Chinese,3,1104,21,Delivered,Wallet,4.6
1245,2025-01-05,Hyderabad,Pizza Hut,South Indian,2,610,26,Delivered,Cash,3.9
1246,2025-02-08,Chennai,A2B Veg Restaurant,Pizza,4,1052,27,Delivered,UPI,4.9
1247,2025-04-18,Hyderabad,KFC,Pizza,3,729,22,Delivered,Cash,3.3
1248,2025-04-24,Hyderabad,KFC,Biryani,2,574,39,Delivered,Card,4.1
1249,2025-06-16,Chennai,Pizza Hut,Pizza,1,189,44,Delivered,Wallet,3.3
1250,2025-04-23,Hyderabad,Paradise Biryani,Burgers,1,177,31,Delivered,Cash,3.2
1251,2025-01-04,Delhi,Burger King,Desserts,2,636,27,Delivered,Card,3.1
1252,2025-05-30,Bangalore,Domino's Pizza,Biryani,1,243,47,Cancelled,Cash,3.6
1253,2025-05-21,Hyderabad,Burger King,Chinese,1,378,28,Delivered,UPI,4.8
1254,2025-03-11,Chennai,Meghana Foods,Pizza,4,1556,47,Delivered,UPI,3.2
1255,2025-02-23,Mumbai,Meghana Foods,Burgers,4,1440,49,Delivered,UPI,3.7
1256,2025-05-27,Mumbai,KFC,Chinese,3,702,31,Delivered,Card,3.5
1257,2025-06-07,Delhi,KFC,South Indian,3,582,20,Delivered,Cash,3.8
1258,2025-04-25,Pune,KFC,Pizza,4,1240,24,Delivered,UPI,3.9
1259,2025-02-18,Chennai,Domino's Pizza,Desserts,4,1400,43,Delivered,Cash,3.1
1260,2025-03-11,Mumbai,Meghana Foods,South Indian,4,1024,34,Delivered,Cash,4.9
1261,2025-04-27,Chennai,Burger King,South Indian,4,760,36,Delivered,UPI,3.5
1262,2025-01-06,Mumbai,A2B Veg Restaurant,Burgers,4,692,42,Pending,Card,4.2
1263,2025-03-14,Chennai,KFC,Biryani,2,598,25,Pending,Card,4.6
1264,2025-05-22,Delhi,Paradise Biryani,Desserts,1,277,32,Delivered,Cash,4.7
1265,2025-03-01,Bangalore,Domino's Pizza,Burgers,2,478,22,Delivered,Wallet,4.0
1266,2025-02-28,Hyderabad,Paradise Biryani,South Indian,1,229,24,Delivered,Wallet,3.4
1267,2025-02-17,Chennai,Pizza Hut,South Indian,4,1084,50,Cancelled,Card,3.7
1268,2025-02-12,Delhi,Meghana Foods,Pizza,2,504,29,Delivered,Cash,4.6
1269,2025-01-19,Chennai,Domino's Pizza,Biryani,1,340,39,Delivered,UPI,4.0
1270,2025-02-04,Chennai,Burger King,Burgers,1,220,30,Delivered,UPI,3.2
1271,2025-02-11,Hyderabad,Paradise Biryani,Pizza,3,537,39,Delivered,Cash,3.7
1272,2025-02-23,Bangalore,Domino's Pizza,Desserts,1,235,37,Delivered,Card,3.3
1273,2025-01-01,Delhi,Burger King,Chinese,2,682,49,Delivered,Wallet,5.0
1274,2025-04-19,Delhi,Burger King,Burgers,4,1564,31,Delivered,UPI,3.7
1275,2025-05-28,Hyderabad,Meghana Foods,South Indian,4,632,24,Delivered,Wallet,3.6
1276,2025-02-03,Delhi,Meghana Foods,Chinese,2,494,26,Delivered,Card,4.3
1277,2025-06-20,Mumbai,Domino's Pizza,Pizza,1,261,28,Delivered,Cash,3.1
1278,2025-05-19,Mumbai,Pizza Hut,Burgers,4,1280,36,Delivered,Cash,3.7
1279,2025-01-11,Delhi,Domino's Pizza,Pizza,3,492,27,Delivered,Card,3.5
1280,2025-05-07,Hyderabad,Burger King,Desserts,3,552,50,Delivered,Cash,4.8
1281,2025-01-10,Mumbai,Domino's Pizza,Chinese,3,990,46,Delivered,Card,4.9
1282,2025-04-11,Delhi,Pizza Hut,Desserts,3,720,49,Delivered,Wallet,4.0
1283,2025-01-30,Chennai,Pizza Hut,Burgers,4,1320,24,Pending,UPI,3.8
1284,2025-05-19,Bangalore,Pizza Hut,South Indian,4,676,28,Delivered,Cash,3.9
1285,2025-04-12,Pune,KFC,South Indian,3,582,34,Cancelled,Cash,3.3
1286,2025-06-09,Mumbai,A2B Veg Restaurant,Biryani,4,1548,48,Delivered,Card,3.3
1287,2025-05-24,Bangalore,Meghana Foods,Chinese,4,660,45,Delivered,Wallet,4.2
1288,2025-04-29,Delhi,KFC,Chinese,1,193,48,Cancelled,Wallet,3.2
1289,2025-01-29,Mumbai,KFC,Pizza,4,1076,33,Delivered,UPI,4.2
1290,2025-03-10,Bangalore,KFC,Desserts,2,432,33,Delivered,Wallet,3.2
1291,2025-01-30,Pune,Domino's Pizza,Desserts,4,760,36,Delivered,Wallet,3.5
1292,2025-02-07,Bangalore,Meghana Foods,Pizza,4,1140,36,Delivered,UPI,4.7
1293,2025-03-30,Hyderabad,KFC,Biryani,2,538,35,Delivered,Wallet,4.6
1294,2025-02-26,Pune,Pizza Hut,Chinese,4,836,45,Delivered,Cash,4.3
1295,2025-01-21,Chennai,A2B Veg Restaurant,Pizza,2,366,28,Delivered,UPI,4.1
1296,2025-06-01,Hyderabad,Pizza Hut,South Indian,3,840,33,Delivered,Wallet,3.0
1297,2025-05-13,Bangalore,Burger King,Pizza,2,616,43,Delivered,Card,3.0
1298,2025-03-07,Delhi,Pizza Hut,Biryani,4,1256,24,Delivered,Card,3.6
1299,2025-04-22,Hyderabad,A2B Veg Restaurant,Biryani,3,615,29,Pending,UPI,4.1
1300,2025-05-09,Bangalore,Pizza Hut,Burgers,1,209,42,Cancelled,UPI,3.9
1301,2025-05-06,Hyderabad,Burger King,South Indian,4,620,38,Delivered,Card,3.1
1302,2025-06-24,Bangalore,Pizza Hut,Desserts,4,1192,46,Cancelled,Wallet,4.7
1303,2025-01-12,Hyderabad,A2B Veg Restaurant,South Indian,1,284,39,Delivered,Cash,4.5
1304,2025-03-19,Bangalore,Pizza Hut,Pizza,4,996,24,Cancelled,Cash,3.1
1305,2025-01-04,Mumbai,Pizza Hut,South Indian,2,388,33,Delivered,Wallet,3.8
1306,2025-06-30,Delhi,Burger King,Biryani,3,1155,45,Pending,Cash,5.0
1307,2025-02-13,Hyderabad,KFC,Chinese,2,432,45,Delivered,Cash,3.5
1308,2025-01-04,Delhi,Paradise Biryani,Pizza,4,1172,20,Delivered,Cash,4.7
1309,2025-03-06,Hyderabad,Paradise Biryani,Desserts,4,1308,21,Delivered,UPI,4.7
1310,2025-03-29,Mumbai,KFC,Pizza,1,274,37,Delivered,Cash,4.4
1311,2025-03-28,Bangalore,Domino's Pizza,Desserts,2,454,50,Delivered,Card,4.4
1312,2025-03-26,Delhi,Pizza Hut,Biryani,1,235,45,Delivered,Wallet,3.9
1313,2025-01-04,Bangalore,Burger King,Desserts,2,652,50,Delivered,Wallet,4.0
1314,2025-05-13,Mumbai,KFC,Biryani,4,1416,40,Delivered,Wallet,4.0
1315,2025-01-08,Hyderabad,Pizza Hut,Biryani,1,182,21,Delivered,UPI,4.1
1316,2025-06-09,Bangalore,Pizza Hut,Biryani,3,1161,41,Pending,Card,4.8
1317,2025-03-18,Delhi,Pizza Hut,Burgers,4,1504,33,Pending,Wallet,4.3
1318,2025-03-14,Hyderabad,A2B Veg Restaurant,South Indian,1,390,50,Delivered,Card,4.8
1319,2025-05-15,Delhi,Meghana Foods,Pizza,1,156,50,Delivered,Cash,5.0
1320,2025-03-25,Pune,Meghana Foods,Pizza,1,158,20,Delivered,Card,3.6
1321,2025-03-23,Chennai,KFC,Desserts,2,650,35,Delivered,Wallet,3.8
1322,2025-01-10,Bangalore,Domino's Pizza,Pizza,1,373,40,Delivered,UPI,3.4
1323,2025-04-19,Bangalore,A2B Veg Restaurant,Desserts,3,732,31,Delivered,Cash,4.2
1324,2025-06-15,Pune,KFC,South Indian,4,880,28,Delivered,Card,4.2
1325,2025-06-02,Mumbai,Burger King,Burgers,3,801,29,Delivered,Cash,4.5
1326,2025-01-30,Pune,Burger King,Desserts,4,1468,36,Delivered,Wallet,4.4
1327,2025-05-13,Pune,Pizza Hut,Biryani,4,1588,33,Pending,Cash,4.2
1328,2025-01-27,Chennai,Pizza Hut,Burgers,3,993,48,Delivered,Card,3.8
1329,2025-03-10,Mumbai,Paradise Biryani,Burgers,2,790,28,Delivered,Wallet,3.8
1330,2025-01-09,Pune,Meghana Foods,Desserts,2,686,21,Delivered,UPI,3.3
1331,2025-05-19,Bangalore,Pizza Hut,South Indian,1,398,43,Cancelled,Wallet,4.1
1332,2025-03-13,Delhi,Burger King,Chinese,4,716,20,Delivered,Card,4.0
1333,2025-01-31,Delhi,Pizza Hut,South Indian,1,225,36,Delivered,Wallet,4.7
1334,2025-03-01,Mumbai,Pizza Hut,Desserts,3,870,24,Delivered,Card,4.1
1335,2025-05-04,Pune,Meghana Foods,Pizza,1,320,40,Delivered,UPI,4.5
1336,2025-02-21,Pune,Meghana Foods,Pizza,2,654,28,Delivered,UPI,3.7
1337,2025-05-03,Mumbai,Burger King,Biryani,2,420,32,Delivered,Wallet,4.2
1338,2025-01-16,Chennai,Meghana Foods,Biryani,3,963,43,Delivered,Cash,4.2
1339,2025-02-04,Hyderabad,Burger King,Biryani,2,790,27,Delivered,UPI,4.7
1340,2025-01-17,Pune,A2B Veg Restaurant,South Indian,1,233,24,Delivered,Card,4.4
1341,2025-03-08,Bangalore,Paradise Biryani,South Indian,4,888,37,Delivered,Cash,5.0
1342,2025-05-10,Hyderabad,A2B Veg Restaurant,Desserts,1,206,26,Delivered,Wallet,3.3
1343,2025-01-30,Hyderabad,Pizza Hut,Desserts,4,1084,46,Delivered,UPI,3.2
1344,2025-04-19,Chennai,Domino's Pizza,Desserts,2,766,49,Delivered,UPI,4.3
1345,2025-03-03,Hyderabad,Pizza Hut,Burgers,1,284,20,Delivered,Card,4.0
1346,2025-06-01,Chennai,Burger King,South Indian,3,717,40,Delivered,Wallet,4.4
1347,2025-04-10,Mumbai,A2B Veg Restaurant,Pizza,2,322,37,Pending,Cash,4.3
1348,2025-02-04,Bangalore,Domino's Pizza,Burgers,4,1416,46,Delivered,Cash,4.1
1349,2025-01-04,Hyderabad,A2B Veg Restaurant,Chinese,2,786,37,Delivered,UPI,3.2
1350,2025-06-08,Mumbai,Domino's Pizza,South Indian,2,594,45,Delivered,Cash,3.1
1351,2025-01-19,Hyderabad,Meghana Foods,Burgers,3,939,38,Delivered,Card,3.7
1352,2025-01-28,Mumbai,Domino's Pizza,Chinese,2,308,21,Delivered,UPI,3.4
1353,2025-05-03,Bangalore,Meghana Foods,Desserts,1,177,28,Delivered,Cash,4.3
1354,2025-04-25,Mumbai,Meghana Foods,Pizza,1,240,33,Delivered,UPI,4.8
1355,2025-04-10,Pune,A2B Veg Restaurant,Pizza,2,744,46,Delivered,Cash,3.6
1356,2025-02-22,Hyderabad,KFC,Chinese,4,1128,31,Delivered,Card,3.1
1357,2025-05-23,Mumbai,A2B Veg Restaurant,Burgers,1,315,22,Cancelled,UPI,4.7
1358,2025-04-06,Bangalore,Pizza Hut,Chinese,1,352,46,Delivered,UPI,3.8
1359,2025-01-24,Mumbai,Meghana Foods,Burgers,3,1053,28,Delivered,Cash,4.6
1360,2025-01-20,Bangalore,Meghana Foods,Burgers,3,570,26,Delivered,UPI,4.8
1361,2025-02-09,Hyderabad,Pizza Hut,Desserts,4,1052,21,Delivered,Card,4.0
1362,2025-04-05,Mumbai,Pizza Hut,Biryani,4,652,24,Delivered,Card,3.4
1363,2025-06-26,Bangalore,Domino's Pizza,Biryani,4,1188,20,Delivered,Wallet,4.2
1364,2025-04-24,Pune,Burger King,Chinese,4,736,30,Delivered,Card,4.8
1365,2025-06-30,Pune,Meghana Foods,Biryani,4,828,38,Delivered,Card,3.0
1366,2025-06-28,Delhi,KFC,Burgers,3,669,35,Cancelled,Wallet,5.0
1367,2025-04-13,Chennai,Pizza Hut,Burgers,4,880,22,Delivered,UPI,4.3
1368,2025-03-17,Bangalore,Meghana Foods,Burgers,2,474,20,Delivered,Card,3.5
1369,2025-06-07,Mumbai,Domino's Pizza,Burgers,1,166,44,Delivered,Wallet,3.1
1370,2025-03-04,Mumbai,Burger King,Chinese,3,678,30,Delivered,Cash,4.9
1371,2025-02-13,Pune,Burger King,Pizza,2,428,27,Delivered,Card,3.7
1372,2025-06-12,Mumbai,Meghana Foods,Chinese,3,465,25,Delivered,Wallet,3.3
1373,2025-01-02,Delhi,A2B Veg Restaurant,Burgers,2,782,30,Delivered,Wallet,4.8
1374,2025-02-28,Bangalore,Domino's Pizza,Burgers,2,436,43,Delivered,Cash,4.3
1375,2025-05-06,Delhi,Meghana Foods,Desserts,2,358,49,Delivered,Wallet,3.1
1376,2025-02-22,Hyderabad,Burger King,Chinese,4,796,22,Delivered,Card,3.4
1377,2025-05-08,Pune,Paradise Biryani,Biryani,3,1155,32,Delivered,Card,3.7
1378,2025-05-30,Bangalore,KFC,Desserts,1,347,20,Delivered,UPI,3.7
1379,2025-01-09,Hyderabad,KFC,Burgers,4,736,37,Delivered,Cash,4.8
1380,2025-02-11,Delhi,Burger King,South Indian,3,888,43,Delivered,UPI,3.2
1381,2025-01-11,Hyderabad,Burger King,Desserts,1,220,23,Delivered,Wallet,4.1
1382,2025-01-13,Chennai,KFC,Chinese,3,1152,47,Pending,UPI,3.7
1383,2025-03-30,Delhi,Burger King,Biryani,3,876,25,Delivered,Wallet,4.8
1384,2025-02-14,Pune,A2B Veg Restaurant,South Indian,1,226,46,Delivered,Cash,3.5
1385,2025-05-31,Delhi,Domino's Pizza,South Indian,4,964,29,Delivered,Cash,3.1
1386,2025-02-14,Mumbai,Meghana Foods,South Indian,2,516,48,Pending,Card,4.0
1387,2025-05-16,Delhi,A2B Veg Restaurant,Chinese,2,744,46,Delivered,UPI,3.4
1388,2025-03-25,Delhi,Burger King,Desserts,4,708,24,Delivered,Card,4.6
1389,2025-02-17,Pune,Meghana Foods,Pizza,4,1032,23,Delivered,UPI,4.8
1390,2025-01-19,Mumbai,Burger King,Chinese,3,1137,50,Cancelled,Wallet,3.3
1391,2025-03-27,Chennai,Pizza Hut,Biryani,2,352,44,Cancelled,UPI,4.0
1392,2025-04-10,Pune,Burger King,Biryani,2,544,30,Delivered,Wallet,3.4
1393,2025-01-17,Pune,Paradise Biryani,Pizza,3,894,25,Delivered,Card,3.8
1394,2025-06-10,Delhi,Meghana Foods,Desserts,4,1376,30,Delivered,Card,4.6
1395,2025-01-01,Pune,Meghana Foods,Burgers,4,708,36,Delivered,Card,4.1
1396,2025-05-03,Hyderabad,KFC,Pizza,1,151,36,Delivered,Wallet,4.8
1397,2025-03-27,Pune,A2B Veg Restaurant,Burgers,4,1588,44,Delivered,Cash,4.0
1398,2025-03-14,Delhi,KFC,Pizza,1,196,37,Delivered,Card,3.1
1399,2025-05-06,Delhi,KFC,Pizza,3,1044,39,Cancelled,Wallet,4.8
1400,2025-06-18,Mumbai,A2B Veg Restaurant,Desserts,2,764,40,Delivered,Wallet,4.3
1401,2025-02-26,Delhi,Pizza Hut,Chinese,3,1023,47,Delivered,Card,3.5
1402,2025-02-25,Mumbai,Meghana Foods,Biryani,4,636,46,Delivered,Card,4.8
1403,2025-01-23,Chennai,Domino's Pizza,Desserts,4,1436,30,Cancelled,Cash,4.4
1404,2025-06-16,Mumbai,Domino's Pizza,Pizza,4,600,29,Delivered,Cash,3.8
1405,2025-03-20,Hyderabad,Pizza Hut,Biryani,2,630,26,Delivered,Card,3.3
1406,2025-05-22,Chennai,A2B Veg Restaurant,Pizza,1,336,20,Delivered,Cash,4.8
1407,2025-03-06,Mumbai,KFC,Chinese,1,201,35,Cancelled,Cash,5.0
1408,2025-03-19,Mumbai,Domino's Pizza,South Indian,2,620,34,Delivered,Cash,3.6
1409,2025-06-29,Delhi,Burger King,Biryani,2,696,33,Delivered,UPI,4.6
1410,2025-03-14,Chennai,A2B Veg Restaurant,Desserts,2,590,22,Cancelled,Wallet,4.5
1411,2025-05-18,Chennai,KFC,Biryani,1,194,24,Delivered,Wallet,4.2
1412,2025-03-10,Delhi,Meghana Foods,Chinese,1,200,43,Delivered,UPI,3.4
1413,2025-03-05,Chennai,Paradise Biryani,Chinese,1,362,33,Delivered,Cash,3.3
1414,2025-03-19,Delhi,Paradise Biryani,Chinese,2,312,23,Delivered,UPI,3.3
1415,2025-02-01,Bangalore,Meghana Foods,Chinese,3,648,40,Delivered,Cash,3.4
1416,2025-04-18,Delhi,Paradise Biryani,Burgers,1,231,50,Delivered,Wallet,3.1
1417,2025-05-22,Chennai,Meghana Foods,South Indian,3,903,28,Delivered,UPI,3.0
1418,2025-03-14,Bangalore,Meghana Foods,Burgers,4,1404,46,Delivered,Cash,3.6
1419,2025-03-24,Chennai,Domino's Pizza,South Indian,1,157,41,Delivered,UPI,3.4
1420,2025-03-27,Delhi,Domino's Pizza,Burgers,4,648,43,Delivered,Cash,3.2
1421,2025-02-01,Delhi,Meghana Foods,Chinese,2,586,41,Cancelled,Wallet,4.7
1422,2025-06-26,Chennai,Pizza Hut,South Indian,3,699,50,Delivered,Wallet,4.1
1423,2025-02-22,Delhi,Paradise Biryani,Burgers,1,227,44,Cancelled,Cash,4.4
1424,2025-03-15,Bangalore,Burger King,Pizza,1,185,31,Pending,Cash,4.8
1425,2025-01-14,Pune,A2B Veg Restaurant,Burgers,2,574,42,Cancelled,Card,4.9
1426,2025-05-06,Delhi,KFC,Chinese,1,294,22,Delivered,Cash,3.8
1427,2025-05-30,Mumbai,A2B Veg Restaurant,Chinese,3,546,26,Delivered,Card,3.1
1428,2025-05-30,Chennai,Pizza Hut,Burgers,3,666,22,Delivered,UPI,3.9
1429,2025-06-25,Hyderabad,Paradise Biryani,South Indian,4,620,28,Delivered,UPI,4.8
1430,2025-01-11,Bangalore,Paradise Biryani,Chinese,2,552,41,Delivered,UPI,4.0
1431,2025-04-04,Hyderabad,Burger King,South Indian,3,711,44,Delivered,UPI,4.9
1432,2025-06-12,Delhi,KFC,Desserts,1,298,20,Delivered,UPI,3.9
1433,2025-01-20,Chennai,Meghana Foods,Biryani,1,261,30,Delivered,Card,3.0
1434,2025-06-17,Hyderabad,Meghana Foods,Chinese,1,321,44,Delivered,Card,4.2
1435,2025-03-18,Chennai,Paradise Biryani,South Indian,3,615,26,Delivered,UPI,3.3
1436,2025-06-29,Mumbai,Paradise Biryani,Pizza,3,483,25,Delivered,Wallet,3.8
1437,2025-01-14,Hyderabad,A2B Veg Restaurant,Burgers,4,1176,42,Cancelled,Cash,3.5
1438,2025-02-14,Delhi,A2B Veg Restaurant,South Indian,1,357,41,Delivered,Cash,3.0
1439,2025-03-23,Mumbai,Paradise Biryani,Desserts,1,312,20,Delivered,Cash,4.7
1440,2025-03-25,Delhi,Domino's Pizza,Biryani,2,598,33,Delivered,UPI,3.3
1441,2025-05-05,Hyderabad,Pizza Hut,Desserts,4,1132,21,Delivered,Wallet,3.0
1442,2025-01-21,Bangalore,KFC,Chinese,2,696,37,Pending,Cash,4.8
1443,2025-04-10,Mumbai,Pizza Hut,South Indian,3,546,32,Delivered,Cash,3.1
1444,2025-04-10,Chennai,A2B Veg Restaurant,Chinese,2,376,30,Delivered,Wallet,4.5
1445,2025-05-24,Pune,Meghana Foods,Desserts,4,844,27,Delivered,Card,3.2
1446,2025-03-04,Chennai,Paradise Biryani,Pizza,1,261,30,Cancelled,Wallet,4.1
1447,2025-06-02,Bangalore,Pizza Hut,Desserts,2,624,50,Delivered,Wallet,3.1
1448,2025-02-20,Pune,A2B Veg Restaurant,Pizza,2,526,24,Delivered,UPI,3.0
1449,2025-02-09,Delhi,KFC,Burgers,3,537,50,Delivered,Wallet,4.3
1450,2025-02-02,Mumbai,Pizza Hut,Pizza,1,348,46,Delivered,Wallet,3.9
1451,2025-03-09,Pune,KFC,Desserts,2,628,31,Delivered,Wallet,4.7
1452,2025-02-14,Chennai,Domino's Pizza,Burgers,1,320,49,Delivered,Card,3.0
1453,2025-06-29,Bangalore,Domino's Pizza,South Indian,2,572,21,Delivered,Wallet,4.8
1454,2025-03-24,Pune,A2B Veg Restaurant,Chinese,2,762,34,Delivered,Cash,4.6
1455,2025-03-18,Hyderabad,A2B Veg Restaurant,South Indian,4,992,30,Delivered,UPI,3.8
1456,2025-06-06,Chennai,Paradise Biryani,Pizza,2,676,33,Delivered,Wallet,4.6
1457,2025-02-08,Mumbai,Pizza Hut,Chinese,1,349,23,Delivered,Card,4.7
1458,2025-06-28,Delhi,A2B Veg Restaurant,South Indian,2,652,34,Delivered,Card,3.4
1459,2025-01-22,Chennai,Pizza Hut,Chinese,4,752,24,Delivered,Cash,4.2
1460,2025-04-28,Delhi,Pizza Hut,Chinese,3,681,48,Delivered,UPI,3.9
1461,2025-04-02,Pune,Domino's Pizza,Chinese,3,816,28,Delivered,Cash,4.9
1462,2025-03-01,Bangalore,Paradise Biryani,Burgers,2,612,30,Delivered,Wallet,4.3
1463,2025-01-20,Pune,Pizza Hut,South Indian,4,788,40,Delivered,UPI,4.3
1464,2025-05-14,Mumbai,KFC,Desserts,4,1048,29,Delivered,Card,3.6
1465,2025-02-17,Chennai,Burger King,South Indian,3,1137,27,Delivered,UPI,3.7
1466,2025-04-08,Delhi,Burger King,Desserts,1,176,24,Delivered,Wallet,4.3
1467,2025-06-09,Hyderabad,Pizza Hut,Chinese,3,1092,22,Delivered,Card,4.1
1468,2025-03-15,Pune,KFC,Pizza,2,560,27,Delivered,Cash,3.1
1469,2025-01-07,Bangalore,KFC,South Indian,2,492,30,Delivered,Cash,3.0
1470,2025-04-17,Chennai,A2B Veg Restaurant,Burgers,1,384,41,Delivered,Card,3.4
1471,2025-01-16,Chennai,Domino's Pizza,South Indian,4,1528,50,Delivered,Wallet,3.4
1472,2025-02-28,Pune,Pizza Hut,Burgers,3,1089,20,Delivered,Wallet,4.6
1473,2025-06-23,Mumbai,KFC,Chinese,1,232,33,Delivered,Card,4.9
1474,2025-03-01,Pune,Domino's Pizza,Chinese,2,718,32,Delivered,UPI,3.6
1475,2025-05-21,Mumbai,Burger King,Pizza,3,594,31,Delivered,Cash,3.2
1476,2025-01-21,Delhi,A2B Veg Restaurant,South Indian,1,159,33,Delivered,Wallet,3.4
1477,2025-02-27,Chennai,KFC,South Indian,1,205,34,Delivered,Card,4.6
1478,2025-01-20,Pune,Paradise Biryani,Burgers,4,796,45,Delivered,Cash,3.4
1479,2025-04-10,Bangalore,Domino's Pizza,Biryani,3,543,37,Delivered,Wallet,3.5
1480,2025-01-27,Delhi,Pizza Hut,Pizza,3,594,32,Delivered,Card,4.3
1481,2025-06-16,Hyderabad,Paradise Biryani,Burgers,4,1188,49,Delivered,UPI,4.6
1482,2025-01-22,Pune,A2B Veg Restaurant,Burgers,3,1173,23,Delivered,Cash,4.4
1483,2025-04-07,Mumbai,KFC,Chinese,3,1005,29,Delivered,Card,3.4
1484,2025-06-11,Hyderabad,KFC,South Indian,2,764,41,Delivered,Cash,3.2
1485,2025-06-15,Mumbai,A2B Veg Restaurant,South Indian,4,1252,34,Delivered,Wallet,3.1
1486,2025-04-29,Delhi,KFC,Desserts,4,1360,50,Delivered,Cash,4.0
1487,2025-03-03,Hyderabad,KFC,Desserts,2,456,44,Delivered,UPI,4.8
1488,2025-03-03,Hyderabad,KFC,South Indian,4,904,27,Delivered,UPI,3.2
1489,2025-04-17,Pune,Meghana Foods,Biryani,4,1508,27,Pending,Card,3.6
1490,2025-04-05,Delhi,Domino's Pizza,Burgers,4,1484,38,Delivered,Card,3.7
1491,2025-01-27,Mumbai,Meghana Foods,South Indian,1,307,31,Delivered,UPI,3.7
1492,2025-03-20,Mumbai,Pizza Hut,South Indian,3,828,42,Delivered,Card,4.0
1493,2025-01-16,Bangalore,A2B Veg Restaurant,Chinese,4,1156,26,Delivered,Wallet,3.0
1494,2025-05-28,Mumbai,Paradise Biryani,Chinese,3,1074,46,Delivered,UPI,3.3
1495,2025-04-18,Pune,Pizza Hut,Desserts,4,976,29,Delivered,UPI,4.6
1496,2025-03-04,Pune,Domino's Pizza,Burgers,2,776,41,Cancelled,Cash,4.1
1497,2025-06-28,Hyderabad,A2B Veg Restaurant,Chinese,1,196,22,Cancelled,Card,3.2
1498,2025-04-12,Mumbai,KFC,Pizza,3,534,46,Delivered,Wallet,4.0
1499,2025-02-28,Chennai,A2B Veg Restaurant,Chinese,2,660,34,Delivered,Wallet,3.1
1500,2025-01-15,Chennai,A2B Veg Restaurant,Pizza,1,150,26,Cancelled,UPI,4.8
1501,2025-02-04,Delhi,Domino's Pizza,South Indian,2,724,25,Delivered,Cash,4.8
1502,2025-02-17,Bangalore,KFC,Chinese,1,194,33,Cancelled,Cash,3.4
1503,2025-04-03,Hyderabad,A2B Veg Restaurant,Chinese,4,1484,40,Delivered,Wallet,3.7
1504,2025-04-27,Chennai,Meghana Foods,Biryani,2,488,50,Delivered,UPI,3.0
1505,2025-02-01,Hyderabad,KFC,Burgers,2,778,35,Delivered,Card,3.3
1506,2025-04-05,Chennai,Meghana Foods,Desserts,2,772,20,Delivered,Cash,3.6
1507,2025-04-30,Hyderabad,Pizza Hut,Burgers,3,600,43,Delivered,Card,3.8
1508,2025-01-13,Pune,Domino's Pizza,Chinese,3,1131,33,Delivered,Card,4.5
1509,2025-02-18,Mumbai,KFC,Desserts,3,825,30,Cancelled,UPI,4.1
1510,2025-01-18,Pune,Meghana Foods,South Indian,2,400,45,Delivered,Cash,4.9
1511,2025-03-14,Mumbai,Domino's Pizza,Pizza,3,456,25,Delivered,Card,4.3
1512,2025-03-25,Hyderabad,Meghana Foods,South Indian,1,335,38,Delivered,Cash,3.8
1513,2025-03-23,Chennai,Domino's Pizza,Chinese,2,574,22,Delivered,Card,3.1
1514,2025-02-13,Bangalore,A2B Veg Restaurant,Burgers,1,335,48,Cancelled,UPI,3.5
1515,2025-02-02,Bangalore,Meghana Foods,Chinese,4,1076,23,Cancelled,Card,4.4
1516,2025-04-08,Hyderabad,Domino's Pizza,Pizza,2,454,40,Cancelled,Wallet,4.7
1517,2025-02-10,Pune,Domino's Pizza,Pizza,4,752,41,Cancelled,Cash,4.9
1518,2025-02-08,Bangalore,Burger King,Pizza,1,364,25,Delivered,UPI,3.8
1519,2025-04-20,Pune,Paradise Biryani,Desserts,1,369,38,Delivered,Wallet,4.7
1520,2025-05-27,Delhi,Paradise Biryani,Chinese,1,186,23,Delivered,Cash,4.4
1521,2025-01-19,Bangalore,Pizza Hut,Pizza,1,206,42,Delivered,Wallet,4.2
1522,2025-02-15,Hyderabad,KFC,Chinese,1,273,44,Delivered,UPI,3.7
1523,2025-03-23,Pune,A2B Veg Restaurant,Chinese,3,639,41,Pending,UPI,3.5
1524,2025-05-20,Mumbai,Paradise Biryani,Biryani,1,210,33,Delivered,Cash,4.7
1525,2025-01-20,Delhi,A2B Veg Restaurant,Biryani,3,1083,37,Delivered,Card,4.3
1526,2025-03-03,Bangalore,Pizza Hut,South Indian,3,873,31,Delivered,Wallet,4.7
1527,2025-02-11,Hyderabad,KFC,Pizza,4,880,47,Delivered,UPI,5.0
1528,2025-06-20,Delhi,Burger King,Burgers,2,662,45,Delivered,UPI,3.9
1529,2025-05-21,Bangalore,Burger King,Chinese,1,155,46,Delivered,Cash,4.6
1530,2025-04-03,Chennai,Domino's Pizza,Chinese,2,634,37,Delivered,Wallet,3.8
1531,2025-03-08,Mumbai,Domino's Pizza,Chinese,1,385,44,Delivered,UPI,4.3
1532,2025-02-01,Pune,Burger King,South Indian,3,972,42,Delivered,Cash,4.4
1533,2025-05-15,Delhi,Paradise Biryani,Chinese,2,696,25,Cancelled,Card,3.6
1534,2025-05-22,Chennai,Pizza Hut,Burgers,2,568,20,Delivered,Card,4.6
1535,2025-03-19,Pune,Burger King,Desserts,3,480,21,Delivered,Card,4.9
1536,2025-01-21,Hyderabad,Domino's Pizza,Biryani,3,1197,38,Pending,Wallet,4.0
1537,2025-05-16,Pune,Burger King,Biryani,2,614,22,Delivered,UPI,3.4
1538,2025-03-28,Pune,Pizza Hut,Chinese,2,336,49,Pending,Card,4.3
1539,2025-03-24,Pune,Pizza Hut,Pizza,1,238,45,Delivered,Wallet,4.6
1540,2025-04-29,Chennai,KFC,Biryani,3,702,50,Delivered,Cash,4.9
1541,2025-01-04,Pune,Meghana Foods,South Indian,4,1324,41,Delivered,Cash,4.0
1542,2025-03-09,Hyderabad,KFC,Biryani,2,710,34,Delivered,Card,4.7
1543,2025-05-08,Pune,Domino's Pizza,Chinese,1,176,21,Delivered,Card,4.7
1544,2025-06-23,Pune,Burger King,South Indian,3,621,35,Delivered,UPI,4.2
1545,2025-06-29,Pune,Meghana Foods,Biryani,2,532,49,Delivered,UPI,3.9
1546,2025-04-22,Chennai,Domino's Pizza,Desserts,3,1032,35,Delivered,Cash,3.0
1547,2025-06-24,Delhi,KFC,Pizza,2,680,45,Delivered,Wallet,3.3
1548,2025-04-06,Pune,Meghana Foods,Pizza,4,1128,47,Delivered,UPI,3.4
1549,2025-03-26,Bangalore,A2B Veg Restaurant,Pizza,3,1002,48,Delivered,UPI,3.6
1550,2025-05-11,Chennai,KFC,Desserts,2,486,27,Delivered,Cash,4.2
1551,2025-01-22,Delhi,Domino's Pizza,Desserts,3,798,28,Delivered,Wallet,4.0
1552,2025-03-05,Hyderabad,A2B Veg Restaurant,Biryani,3,900,27,Delivered,Cash,3.4
1553,2025-02-13,Hyderabad,KFC,South Indian,2,380,41,Delivered,Wallet,3.7
1554,2025-03-07,Bangalore,KFC,Burgers,3,774,20,Delivered,Cash,3.1
1555,2025-03-12,Hyderabad,Paradise Biryani,Biryani,3,627,26,Delivered,UPI,4.4
1556,2025-03-23,Mumbai,Meghana Foods,Pizza,4,1540,44,Delivered,Wallet,4.7
1557,2025-04-04,Delhi,Meghana Foods,Biryani,4,1144,34,Delivered,Cash,5.0
1558,2025-05-17,Chennai,KFC,Pizza,3,549,29,Delivered,Wallet,3.6
1559,2025-04-14,Pune,Pizza Hut,Burgers,2,500,44,Delivered,Wallet,4.0
1560,2025-03-17,Hyderabad,Burger King,Chinese,3,960,31,Delivered,Card,4.3
1561,2025-02-20,Chennai,Pizza Hut,Chinese,1,306,29,Delivered,Card,3.2
1562,2025-01-03,Hyderabad,Meghana Foods,Pizza,3,867,32,Delivered,Wallet,3.9
1563,2025-04-13,Mumbai,Burger King,Burgers,4,1016,29,Delivered,Cash,3.6
1564,2025-05-23,Delhi,Paradise Biryani,Biryani,4,1356,50,Delivered,Cash,3.9
1565,2025-05-21,Chennai,Pizza Hut,Desserts,3,945,30,Delivered,Cash,3.7
1566,2025-02-12,Mumbai,A2B Veg Restaurant,South Indian,2,490,21,Delivered,Card,4.4
1567,2025-05-16,Chennai,KFC,South Indian,1,305,29,Delivered,Card,3.4
1568,2025-03-13,Pune,Pizza Hut,Desserts,3,717,29,Delivered,Card,4.8
1569,2025-05-23,Pune,Pizza Hut,Biryani,1,178,21,Delivered,Cash,3.7
1570,2025-05-20,Bangalore,Meghana Foods,Pizza,1,275,50,Delivered,Card,3.0
1571,2025-06-08,Bangalore,Paradise Biryani,South Indian,4,612,24,Delivered,Cash,3.9
1572,2025-04-28,Mumbai,A2B Veg Restaurant,Pizza,2,746,30,Delivered,Wallet,3.6
1573,2025-03-02,Hyderabad,KFC,Biryani,3,903,36,Delivered,Wallet,3.5
1574,2025-05-10,Pune,Burger King,Pizza,4,704,49,Cancelled,UPI,4.4
1575,2025-03-27,Pune,Burger King,Pizza,1,188,40,Delivered,Wallet,4.0
1576,2025-02-17,Chennai,Burger King,Desserts,4,852,35,Delivered,Wallet,4.6
1577,2025-03-25,Chennai,Pizza Hut,Pizza,1,248,40,Delivered,Cash,3.4
1578,2025-06-13,Chennai,Burger King,South Indian,3,492,44,Delivered,Card,4.7
1579,2025-01-26,Pune,Pizza Hut,South Indian,2,724,38,Delivered,Card,5.0
1580,2025-04-01,Mumbai,Paradise Biryani,Desserts,3,549,23,Delivered,Wallet,3.7
1581,2025-05-05,Bangalore,KFC,Chinese,1,269,46,Cancelled,Cash,4.4
1582,2025-02-25,Mumbai,Pizza Hut,South Indian,3,522,30,Delivered,Card,3.9
1583,2025-04-05,Delhi,Pizza Hut,Pizza,3,936,36,Delivered,Wallet,4.2
1584,2025-05-18,Mumbai,KFC,Biryani,2,458,31,Cancelled,UPI,4.1
1585,2025-02-02,Chennai,Burger King,Desserts,3,987,20,Cancelled,UPI,3.8
1586,2025-04-21,Pune,A2B Veg Restaurant,Pizza,4,900,45,Delivered,Wallet,4.8
1587,2025-06-23,Hyderabad,Pizza Hut,South Indian,2,722,26,Delivered,Card,4.9
1588,2025-06-04,Delhi,A2B Veg Restaurant,Burgers,3,810,42,Delivered,UPI,4.9
1589,2025-06-30,Hyderabad,A2B Veg Restaurant,Chinese,2,474,39,Delivered,UPI,4.6
1590,2025-04-01,Pune,Paradise Biryani,Desserts,1,229,39,Delivered,UPI,3.8
1591,2025-01-02,Pune,Burger King,South Indian,2,762,37,Delivered,Wallet,4.1
1592,2025-02-18,Chennai,KFC,Biryani,2,700,46,Delivered,Card,4.4
1593,2025-01-06,Bangalore,KFC,Pizza,1,182,24,Delivered,Cash,4.4
1594,2025-03-05,Chennai,KFC,Burgers,2,378,26,Cancelled,UPI,3.5
1595,2025-02-09,Mumbai,Meghana Foods,Chinese,4,1376,37,Delivered,Cash,4.6
1596,2025-06-29,Chennai,Meghana Foods,Biryani,2,538,45,Delivered,UPI,4.0
1597,2025-03-04,Pune,Meghana Foods,Biryani,1,386,48,Delivered,Wallet,3.4
1598,2025-05-03,Bangalore,Domino's Pizza,South Indian,3,750,26,Cancelled,Cash,4.3
1599,2025-05-19,Delhi,A2B Veg Restaurant,Desserts,2,340,35,Delivered,Cash,3.2
1600,2025-03-19,Mumbai,Domino's Pizza,Biryani,2,390,27,Delivered,Wallet,4.2
1601,2025-05-31,Mumbai,KFC,Chinese,3,1077,22,Cancelled,UPI,4.1
1602,2025-03-31,Bangalore,Paradise Biryani,Biryani,3,1101,28,Delivered,Card,3.3
1603,2025-02-16,Pune,Paradise Biryani,Biryani,3,723,37,Delivered,Wallet,3.0
1604,2025-01-15,Mumbai,Meghana Foods,Burgers,2,742,46,Delivered,Cash,3.8
1605,2025-06-15,Mumbai,Domino's Pizza,Biryani,4,696,31,Delivered,Cash,3.9
1606,2025-01-05,Delhi,Burger King,Biryani,1,274,23,Delivered,Cash,3.6
1607,2025-05-07,Mumbai,Burger King,South Indian,1,345,50,Cancelled,Cash,3.5
1608,2025-03-06,Hyderabad,Paradise Biryani,Biryani,4,728,34,Delivered,Card,4.8
1609,2025-03-02,Delhi,Pizza Hut,Burgers,1,161,29,Delivered,UPI,4.3
1610,2025-01-21,Delhi,KFC,Desserts,1,173,27,Delivered,Wallet,4.0
1611,2025-01-20,Delhi,Meghana Foods,Pizza,2,622,36,Delivered,Card,3.2
1612,2025-03-24,Hyderabad,Pizza Hut,Pizza,2,668,24,Cancelled,Card,3.2
1613,2025-05-13,Bangalore,A2B Veg Restaurant,Biryani,3,879,40,Delivered,Card,4.1
1614,2025-01-26,Hyderabad,Paradise Biryani,Desserts,1,357,29,Delivered,Wallet,4.5
1615,2025-02-27,Bangalore,A2B Veg Restaurant,Chinese,2,644,50,Delivered,Card,4.3
1616,2025-06-02,Hyderabad,Paradise Biryani,Biryani,1,227,48,Delivered,Card,4.3
1617,2025-04-23,Bangalore,Pizza Hut,Biryani,1,236,34,Delivered,Wallet,4.9
1618,2025-06-23,Chennai,Paradise Biryani,Pizza,4,1164,23,Delivered,Cash,4.4
1619,2025-05-18,Mumbai,KFC,Pizza,1,242,43,Pending,Cash,3.6
1620,2025-02-15,Hyderabad,A2B Veg Restaurant,Burgers,4,1204,23,Delivered,Cash,3.2
1621,2025-04-13,Mumbai,A2B Veg Restaurant,Chinese,3,843,34,Cancelled,Wallet,3.0
1622,2025-03-22,Pune,Meghana Foods,Desserts,2,338,25,Delivered,Wallet,3.4
1623,2025-02-16,Mumbai,Paradise Biryani,South Indian,3,1056,39,Delivered,Card,4.7
1624,2025-04-14,Bangalore,Pizza Hut,South Indian,3,591,50,Delivered,Cash,4.0
1625,2025-05-02,Bangalore,Paradise Biryani,Biryani,3,897,49,Delivered,Cash,4.0
1626,2025-06-28,Pune,KFC,South Indian,3,630,43,Delivered,Wallet,4.0
1627,2025-02-11,Bangalore,A2B Veg Restaurant,Chinese,3,852,40,Pending,Card,3.4
1628,2025-03-18,Mumbai,Domino's Pizza,Biryani,2,336,27,Cancelled,Card,3.2
1629,2025-03-03,Pune,Domino's Pizza,Chinese,2,390,31,Delivered,Cash,4.0
1630,2025-03-06,Pune,Meghana Foods,Burgers,4,1060,21,Delivered,UPI,4.1
1631,2025-02-02,Delhi,Domino's Pizza,Biryani,2,452,32,Delivered,Cash,4.1
1632,2025-05-25,Pune,Pizza Hut,Chinese,4,1504,29,Delivered,Wallet,3.2
1633,2025-05-15,Chennai,KFC,Desserts,3,1122,48,Delivered,Card,4.1
1634,2025-06-23,Hyderabad,Burger King,Biryani,1,289,49,Delivered,Wallet,4.2
1635,2025-06-03,Hyderabad,KFC,Biryani,3,1110,22,Delivered,Cash,3.7
1636,2025-05-02,Mumbai,Meghana Foods,Burgers,4,904,50,Delivered,Wallet,4.9
1637,2025-06-09,Hyderabad,A2B Veg Restaurant,Pizza,3,945,34,Delivered,Cash,3.1
1638,2025-03-17,Delhi,KFC,South Indian,4,1532,31,Delivered,Wallet,3.7
1639,2025-03-23,Chennai,Paradise Biryani,Biryani,1,187,48,Delivered,Cash,3.8
1640,2025-02-28,Chennai,Meghana Foods,South Indian,2,700,46,Delivered,Wallet,4.4
1641,2025-02-03,Pune,Meghana Foods,Pizza,1,389,33,Delivered,UPI,3.5
1642,2025-05-30,Pune,Pizza Hut,Burgers,1,245,41,Delivered,Wallet,4.8
1643,2025-02-08,Delhi,Pizza Hut,Chinese,2,368,44,Delivered,Card,4.6
1644,2025-04-05,Mumbai,Pizza Hut,Biryani,3,750,28,Delivered,Wallet,3.5
1645,2025-04-25,Pune,A2B Veg Restaurant,Burgers,2,428,35,Delivered,Wallet,4.1
1646,2025-04-27,Delhi,A2B Veg Restaurant,Pizza,1,274,38,Delivered,UPI,3.2
1647,2025-03-10,Mumbai,Meghana Foods,Biryani,2,706,44,Delivered,Cash,3.4
1648,2025-06-06,Hyderabad,KFC,Desserts,4,608,42,Delivered,Wallet,3.4
1649,2025-03-03,Chennai,Paradise Biryani,South Indian,3,468,20,Delivered,Cash,3.6
1650,2025-02-16,Pune,Paradise Biryani,South Indian,4,1056,34,Delivered,Cash,3.4
1651,2025-06-02,Hyderabad,Domino's Pizza,Pizza,2,326,39,Delivered,Card,3.3
1652,2025-04-27,Mumbai,Paradise Biryani,Chinese,2,702,21,Delivered,Card,4.7
1653,2025-02-28,Hyderabad,Meghana Foods,Chinese,4,792,49,Pending,Wallet,3.0
1654,2025-05-31,Chennai,Domino's Pizza,Biryani,3,798,23,Delivered,UPI,4.4
1655,2025-01-30,Bangalore,Domino's Pizza,Chinese,3,771,29,Delivered,UPI,3.6
1656,2025-05-23,Delhi,A2B Veg Restaurant,Desserts,1,322,38,Cancelled,UPI,3.6
1657,2025-01-18,Pune,Burger King,South Indian,2,372,28,Delivered,Wallet,4.3
1658,2025-06-18,Bangalore,Meghana Foods,Pizza,3,1020,26,Cancelled,Wallet,4.4
1659,2025-06-30,Pune,Pizza Hut,Burgers,1,206,46,Delivered,UPI,4.7
1660,2025-04-29,Bangalore,Domino's Pizza,Pizza,3,1035,23,Cancelled,UPI,4.3
1661,2025-04-16,Pune,Meghana Foods,Chinese,3,507,20,Delivered,Wallet,4.8
1662,2025-05-09,Hyderabad,Pizza Hut,Chinese,1,268,46,Cancelled,UPI,3.6
1663,2025-04-03,Chennai,Domino's Pizza,Chinese,1,219,35,Delivered,Cash,3.1
1664,2025-06-30,Delhi,Meghana Foods,Biryani,3,1146,24,Delivered,Wallet,4.3
1665,2025-02-02,Hyderabad,Burger King,South Indian,2,302,34,Delivered,Wallet,3.8
1666,2025-02-03,Chennai,A2B Veg Restaurant,Desserts,2,610,28,Delivered,Wallet,3.7
1667,2025-03-29,Chennai,Pizza Hut,Biryani,3,738,27,Delivered,Cash,3.5
1668,2025-04-27,Hyderabad,KFC,Desserts,2,682,45,Delivered,Cash,4.3
1669,2025-03-27,Bangalore,Pizza Hut,Biryani,2,522,42,Delivered,UPI,3.8
1670,2025-02-02,Delhi,KFC,Chinese,2,338,38,Cancelled,Card,4.6
1671,2025-03-26,Chennai,KFC,Chinese,4,1380,23,Delivered,UPI,3.7
1672,2025-06-20,Delhi,KFC,Pizza,2,362,32,Cancelled,Cash,4.8
1673,2025-04-05,Chennai,Paradise Biryani,Biryani,4,916,47,Delivered,Card,4.0
1674,2025-01-28,Bangalore,Pizza Hut,South Indian,2,762,47,Delivered,Wallet,4.7
1675,2025-03-22,Mumbai,A2B Veg Restaurant,Biryani,4,680,46,Delivered,Cash,3.2
1676,2025-05-13,Pune,Burger King,Pizza,3,1083,25,Delivered,UPI,4.8
1677,2025-04-26,Pune,A2B Veg Restaurant,Biryani,1,397,26,Pending,Card,4.0
1678,2025-06-04,Delhi,Meghana Foods,South Indian,4,680,32,Delivered,UPI,4.9
1679,2025-02-11,Chennai,Domino's Pizza,Biryani,3,960,29,Cancelled,UPI,4.3
1680,2025-05-15,Hyderabad,Burger King,Burgers,4,876,41,Delivered,Card,4.9
1681,2025-03-08,Bangalore,Pizza Hut,Burgers,2,754,37,Delivered,UPI,3.7
1682,2025-01-19,Hyderabad,Domino's Pizza,Biryani,1,354,45,Cancelled,UPI,4.1
1683,2025-01-31,Pune,Domino's Pizza,Pizza,1,356,34,Delivered,Wallet,4.3
1684,2025-05-09,Pune,Pizza Hut,South Indian,4,1148,37,Cancelled,UPI,3.2
1685,2025-03-10,Hyderabad,KFC,Biryani,3,879,22,Delivered,Wallet,3.7
1686,2025-05-18,Mumbai,A2B Veg Restaurant,Desserts,4,1548,40,Delivered,Wallet,3.3
1687,2025-06-06,Pune,Domino's Pizza,Biryani,4,1516,36,Delivered,Card,3.1
1688,2025-06-28,Hyderabad,Paradise Biryani,Biryani,4,1124,46,Delivered,UPI,3.6
1689,2025-06-24,Chennai,Pizza Hut,Burgers,4,1104,39,Delivered,UPI,4.1
1690,2025-01-23,Hyderabad,Burger King,Desserts,2,572,30,Delivered,Cash,3.7
1691,2025-05-06,Hyderabad,Burger King,Desserts,1,184,29,Delivered,Cash,4.2
1692,2025-01-04,Hyderabad,A2B Veg Restaurant,South Indian,3,591,28,Delivered,Wallet,3.5
1693,2025-04-28,Bangalore,Meghana Foods,Pizza,3,1068,21,Cancelled,Cash,4.8
1694,2025-05-18,Mumbai,KFC,Pizza,3,1050,39,Delivered,Card,4.6
1695,2025-01-16,Hyderabad,Pizza Hut,Chinese,3,1077,24,Delivered,Wallet,3.4
1696,2025-06-09,Delhi,KFC,Burgers,1,219,26,Delivered,Card,3.3
1697,2025-02-19,Chennai,Meghana Foods,Chinese,1,221,32,Delivered,Wallet,4.2
1698,2025-04-09,Pune,Burger King,Chinese,2,734,40,Cancelled,Wallet,3.3
1699,2025-05-25,Mumbai,Meghana Foods,Chinese,3,888,48,Delivered,Cash,3.5
1700,2025-05-21,Chennai,Domino's Pizza,South Indian,1,345,47,Delivered,UPI,4.7
1701,2025-04-03,Delhi,Domino's Pizza,Pizza,1,239,36,Delivered,UPI,4.8
1702,2025-03-11,Bangalore,Paradise Biryani,Pizza,2,640,41,Pending,Cash,3.8
1703,2025-06-05,Delhi,Domino's Pizza,Pizza,2,634,49,Cancelled,Cash,4.8
1704,2025-02-01,Bangalore,Paradise Biryani,South Indian,4,1008,33,Delivered,UPI,3.7
1705,2025-03-11,Delhi,Burger King,South Indian,2,632,23,Delivered,UPI,3.5
1706,2025-06-04,Hyderabad,Meghana Foods,Desserts,3,927,35,Delivered,Card,3.3
1707,2025-05-06,Delhi,Burger King,Desserts,4,860,32,Delivered,Wallet,4.0
1708,2025-05-06,Delhi,Domino's Pizza,Pizza,3,687,34,Delivered,Card,4.6
1709,2025-02-13,Pune,Domino's Pizza,Desserts,4,648,22,Delivered,Cash,4.0
1710,2025-06-11,Mumbai,Meghana Foods,South Indian,3,1038,37,Delivered,Wallet,3.9
1711,2025-03-23,Delhi,Pizza Hut,Desserts,4,760,41,Cancelled,UPI,4.5
1712,2025-03-29,Delhi,Meghana Foods,Chinese,2,668,23,Cancelled,UPI,3.9
1713,2025-05-01,Pune,KFC,Biryani,1,169,28,Delivered,Card,4.8
1714,2025-03-26,Hyderabad,Burger King,Chinese,2,302,34,Delivered,UPI,4.3
1715,2025-02-24,Chennai,Meghana Foods,Pizza,3,921,32,Delivered,Card,3.0
1716,2025-04-30,Delhi,Paradise Biryani,Pizza,4,1400,24,Delivered,Card,3.7
1717,2025-01-16,Mumbai,Meghana Foods,Desserts,1,259,21,Delivered,Wallet,4.2
1718,2025-01-23,Hyderabad,A2B Veg Restaurant,Biryani,1,267,33,Cancelled,Cash,3.6
1719,2025-01-14,Delhi,Domino's Pizza,South Indian,1,177,50,Delivered,Card,4.1
1720,2025-05-20,Pune,A2B Veg Restaurant,Biryani,3,510,38,Delivered,UPI,4.9
1721,2025-02-17,Bangalore,KFC,Chinese,4,688,37,Cancelled,UPI,3.6
1722,2025-06-17,Hyderabad,Domino's Pizza,Desserts,3,984,39,Delivered,Wallet,3.6
1723,2025-02-25,Pune,Paradise Biryani,Desserts,2,788,20,Delivered,Cash,3.4
1724,2025-02-05,Hyderabad,Pizza Hut,South Indian,4,716,40,Delivered,Cash,4.6
1725,2025-05-17,Bangalore,KFC,Chinese,4,1460,24,Delivered,UPI,3.6
1726,2025-01-21,Hyderabad,Paradise Biryani,Pizza,2,586,24,Delivered,Card,3.2
1727,2025-03-18,Pune,Meghana Foods,Biryani,3,522,43,Delivered,Card,3.9
1728,2025-06-20,Hyderabad,Meghana Foods,Biryani,2,784,37,Delivered,Cash,3.5
1729,2025-01-26,Chennai,KFC,Pizza,1,199,36,Delivered,Wallet,3.8
1730,2025-06-20,Chennai,A2B Veg Restaurant,Burgers,4,1092,24,Delivered,Card,3.9
1731,2025-05-31,Delhi,KFC,Desserts,1,372,40,Delivered,Card,3.2
1732,2025-06-09,Mumbai,Meghana Foods,Pizza,4,996,29,Delivered,Wallet,4.4
1733,2025-01-27,Mumbai,Burger King,Biryani,2,706,40,Delivered,Card,4.9
1734,2025-05-26,Hyderabad,Domino's Pizza,Desserts,2,788,21,Delivered,Wallet,3.8
1735,2025-03-18,Delhi,A2B Veg Restaurant,Desserts,2,644,31,Delivered,Cash,3.8
1736,2025-01-26,Bangalore,KFC,Pizza,2,492,21,Delivered,Wallet,3.6
1737,2025-03-20,Mumbai,A2B Veg Restaurant,Desserts,2,694,29,Cancelled,UPI,3.5
1738,2025-01-21,Pune,Meghana Foods,Burgers,1,252,46,Delivered,Wallet,4.1
1739,2025-04-13,Delhi,Pizza Hut,Pizza,3,633,41,Delivered,Card,4.8
1740,2025-05-07,Mumbai,Meghana Foods,South Indian,2,302,30,Delivered,Cash,4.9
1741,2025-03-25,Mumbai,KFC,South Indian,2,776,47,Delivered,Cash,3.7
1742,2025-02-28,Hyderabad,Pizza Hut,Desserts,4,1308,33,Delivered,Cash,4.6
1743,2025-01-12,Delhi,Meghana Foods,South Indian,4,1428,46,Delivered,Wallet,3.5
1744,2025-03-25,Delhi,Burger King,Pizza,3,573,44,Delivered,Cash,3.9
1745,2025-03-28,Hyderabad,Domino's Pizza,Desserts,1,366,44,Delivered,UPI,4.5
1746,2025-02-23,Bangalore,Domino's Pizza,Biryani,4,1196,22,Delivered,Wallet,3.8
1747,2025-03-04,Hyderabad,Domino's Pizza,Burgers,3,669,25,Cancelled,Cash,3.5
1748,2025-05-12,Chennai,Meghana Foods,South Indian,1,188,44,Delivered,Cash,4.2
1749,2025-03-05,Bangalore,Domino's Pizza,South Indian,1,184,36,Pending,Cash,3.0
1750,2025-02-09,Mumbai,Meghana Foods,Chinese,3,891,50,Delivered,Cash,3.3
1751,2025-04-12,Hyderabad,Burger King,Biryani,4,1244,33,Delivered,Card,4.0
1752,2025-04-01,Delhi,Paradise Biryani,Biryani,3,531,45,Delivered,Cash,4.0
1753,2025-06-10,Bangalore,Meghana Foods,Pizza,2,450,32,Delivered,Card,3.6
1754,2025-02-20,Bangalore,KFC,South Indian,2,300,23,Delivered,Wallet,3.9
1755,2025-04-30,Delhi,A2B Veg Restaurant,Burgers,4,1284,41,Delivered,Wallet,3.1
1756,2025-02-18,Mumbai,KFC,Chinese,3,564,24,Delivered,Cash,4.6
1757,2025-04-04,Bangalore,Pizza Hut,Pizza,4,1388,30,Delivered,UPI,4.4
1758,2025-06-07,Mumbai,Paradise Biryani,Burgers,2,680,28,Delivered,UPI,4.9
1759,2025-05-29,Bangalore,KFC,Pizza,1,376,45,Delivered,Card,3.6
1760,2025-03-31,Pune,Domino's Pizza,Desserts,4,1568,39,Delivered,UPI,4.1
1761,2025-02-18,Delhi,Pizza Hut,South Indian,3,618,37,Delivered,Cash,3.3
1762,2025-03-06,Delhi,KFC,Pizza,2,392,22,Delivered,UPI,3.6
1763,2025-06-29,Bangalore,Burger King,Desserts,2,660,44,Delivered,Wallet,4.3
1764,2025-05-04,Delhi,Meghana Foods,Biryani,3,1170,20,Delivered,Wallet,4.3
1765,2025-03-18,Mumbai,Meghana Foods,Pizza,4,1356,34,Delivered,Wallet,3.7
1766,2025-04-23,Hyderabad,Pizza Hut,Chinese,2,410,49,Delivered,Card,4.6
1767,2025-06-11,Pune,Meghana Foods,Biryani,3,984,22,Delivered,UPI,3.6
1768,2025-01-17,Mumbai,Burger King,Biryani,2,646,33,Delivered,Card,4.1
1769,2025-05-14,Delhi,Meghana Foods,Biryani,3,804,49,Delivered,Wallet,4.4
1770,2025-02-13,Chennai,Paradise Biryani,Desserts,4,872,40,Delivered,Cash,3.2
1771,2025-04-27,Delhi,Meghana Foods,Chinese,4,1068,41,Delivered,Card,4.2
1772,2025-02-27,Hyderabad,Pizza Hut,Chinese,2,418,37,Delivered,UPI,3.5
1773,2025-04-05,Chennai,KFC,Burgers,4,852,20,Delivered,Card,4.3
1774,2025-04-07,Pune,Pizza Hut,Burgers,2,780,46,Delivered,Card,4.4
1775,2025-02-21,Bangalore,Domino's Pizza,Desserts,4,608,23,Delivered,Cash,4.3
1776,2025-05-23,Mumbai,Meghana Foods,Pizza,2,558,48,Delivered,Card,4.4
1777,2025-01-30,Pune,Pizza Hut,Pizza,4,852,49,Delivered,UPI,3.7
1778,2025-01-09,Pune,Meghana Foods,Chinese,4,600,26,Delivered,Card,4.0
1779,2025-04-22,Delhi,Meghana Foods,South Indian,1,370,42,Delivered,Card,3.1
1780,2025-01-31,Chennai,A2B Veg Restaurant,Pizza,3,819,43,Delivered,UPI,3.9
1781,2025-05-22,Delhi,A2B Veg Restaurant,Biryani,1,257,47,Cancelled,Cash,4.3
1782,2025-04-08,Pune,Domino's Pizza,Biryani,3,1152,39,Delivered,Wallet,3.6
1783,2025-01-12,Delhi,Meghana Foods,Pizza,3,636,28,Delivered,Wallet,3.1
1784,2025-01-03,Bangalore,KFC,Biryani,3,762,39,Pending,Wallet,4.4
1785,2025-04-10,Bangalore,KFC,Desserts,1,174,46,Delivered,Wallet,4.9
1786,2025-05-06,Pune,KFC,Desserts,4,1556,38,Delivered,Wallet,4.7
1787,2025-06-13,Chennai,KFC,Chinese,4,628,38,Delivered,UPI,4.7
1788,2025-05-06,Bangalore,Domino's Pizza,Biryani,3,555,22,Delivered,UPI,4.9
1789,2025-06-28,Mumbai,Domino's Pizza,Burgers,2,730,44,Delivered,Card,4.2
1790,2025-03-05,Pune,KFC,Desserts,1,238,48,Delivered,Wallet,3.0
1791,2025-05-25,Delhi,Burger King,South Indian,1,365,23,Delivered,Card,4.8
1792,2025-05-27,Delhi,A2B Veg Restaurant,South Indian,2,614,20,Cancelled,Card,3.6
1793,2025-04-10,Hyderabad,A2B Veg Restaurant,Biryani,1,282,42,Delivered,UPI,3.6
1794,2025-04-09,Hyderabad,A2B Veg Restaurant,Burgers,4,672,26,Delivered,Cash,3.0
1795,2025-04-06,Pune,Domino's Pizza,Chinese,3,477,39,Cancelled,Wallet,4.8
1796,2025-02-10,Pune,Domino's Pizza,Burgers,4,1244,42,Delivered,Cash,3.9
1797,2025-01-18,Chennai,Meghana Foods,South Indian,1,171,28,Delivered,Wallet,3.0
1798,2025-03-29,Hyderabad,KFC,South Indian,2,752,43,Pending,Card,4.1
1799,2025-05-08,Delhi,Domino's Pizza,South Indian,4,1316,32,Delivered,Cash,3.7
1800,2025-06-25,Chennai,Burger King,Chinese,1,154,42,Delivered,UPI,3.3
1801,2025-01-07,Bangalore,Domino's Pizza,Biryani,4,1048,25,Pending,Cash,4.7
1802,2025-05-12,Mumbai,Paradise Biryani,Burgers,2,522,22,Delivered,Card,3.4
1803,2025-04-20,Bangalore,Burger King,South Indian,2,788,36,Delivered,UPI,4.6
1804,2025-03-04,Chennai,Burger King,Burgers,1,252,25,Delivered,UPI,3.1
1805,2025-03-09,Hyderabad,A2B Veg Restaurant,Chinese,1,311,21,Delivered,Cash,4.7
1806,2025-06-17,Chennai,Paradise Biryani,Pizza,4,652,35,Delivered,Card,3.9
1807,2025-01-13,Hyderabad,Burger King,Biryani,1,242,47,Pending,Wallet,3.3
1808,2025-03-11,Delhi,A2B Veg Restaurant,South Indian,3,927,46,Delivered,Card,4.2
1809,2025-05-03,Pune,Meghana Foods,Burgers,2,490,49,Delivered,UPI,4.9
1810,2025-03-11,Hyderabad,Burger King,Chinese,4,1208,46,Delivered,UPI,3.7
1811,2025-01-01,Delhi,A2B Veg Restaurant,Desserts,4,1436,37,Delivered,UPI,3.7
1812,2025-01-28,Pune,Domino's Pizza,Burgers,3,831,21,Delivered,Wallet,4.4
1813,2025-02-24,Hyderabad,Paradise Biryani,South Indian,2,568,31,Delivered,Card,4.6
1814,2025-06-20,Chennai,A2B Veg Restaurant,South Indian,4,1404,21,Delivered,Card,4.0
1815,2025-03-07,Chennai,Meghana Foods,South Indian,1,241,44,Delivered,Cash,3.4
1816,2025-04-17,Pune,KFC,Chinese,1,242,45,Cancelled,Wallet,3.3
1817,2025-03-16,Chennai,A2B Veg Restaurant,Pizza,1,345,38,Delivered,Card,3.0
1818,2025-05-30,Chennai,Pizza Hut,Desserts,4,1104,41,Cancelled,Cash,4.0
1819,2025-05-04,Delhi,KFC,Biryani,3,702,33,Delivered,Wallet,3.2
1820,2025-01-24,Mumbai,Pizza Hut,Chinese,2,498,24,Delivered,Wallet,3.2
1821,2025-01-07,Bangalore,Paradise Biryani,Biryani,1,302,36,Pending,UPI,3.1
1822,2025-01-06,Delhi,Pizza Hut,Desserts,4,1308,36,Delivered,Cash,3.9
1823,2025-02-10,Delhi,Domino's Pizza,Desserts,3,567,31,Delivered,Cash,3.8
1824,2025-01-25,Hyderabad,Domino's Pizza,Burgers,2,764,35,Delivered,Card,4.3
1825,2025-05-10,Hyderabad,Pizza Hut,Chinese,2,750,38,Delivered,Wallet,4.1
1826,2025-04-11,Delhi,Meghana Foods,Pizza,1,291,46,Pending,UPI,4.5
1827,2025-01-11,Chennai,Pizza Hut,Chinese,2,432,29,Delivered,UPI,4.0
1828,2025-01-28,Mumbai,A2B Veg Restaurant,Biryani,4,1432,21,Delivered,UPI,3.3
1829,2025-06-25,Mumbai,Burger King,Biryani,3,657,28,Delivered,Wallet,4.8
1830,2025-01-31,Hyderabad,A2B Veg Restaurant,Biryani,3,1005,31,Pending,Cash,4.3
1831,2025-01-06,Chennai,Meghana Foods,Biryani,3,900,44,Delivered,Cash,3.3
1832,2025-06-15,Mumbai,Burger King,Pizza,3,450,44,Delivered,UPI,4.6
1833,2025-06-24,Chennai,A2B Veg Restaurant,Biryani,4,1224,30,Pending,UPI,4.6
1834,2025-04-28,Chennai,Meghana Foods,South Indian,1,271,48,Delivered,Card,4.9
1835,2025-02-21,Mumbai,Meghana Foods,Chinese,2,462,21,Delivered,UPI,4.2
1836,2025-01-10,Pune,Burger King,Burgers,4,660,26,Delivered,Cash,3.6
1837,2025-02-11,Mumbai,Meghana Foods,Desserts,4,1344,49,Delivered,Wallet,3.4
1838,2025-02-17,Mumbai,Burger King,Pizza,4,1468,44,Delivered,Card,3.0
1839,2025-04-18,Bangalore,Paradise Biryani,Pizza,3,516,43,Pending,Wallet,3.4
1840,2025-03-27,Mumbai,A2B Veg Restaurant,Burgers,2,782,32,Delivered,Cash,4.4
1841,2025-02-21,Bangalore,Pizza Hut,Burgers,4,744,26,Delivered,Wallet,4.7
1842,2025-04-22,Hyderabad,Pizza Hut,Biryani,3,699,26,Delivered,Wallet,4.2
1843,2025-02-01,Pune,Burger King,Desserts,4,1200,35,Delivered,Card,3.2
1844,2025-06-01,Chennai,Pizza Hut,Desserts,1,310,47,Delivered,UPI,3.4
1845,2025-05-22,Pune,A2B Veg Restaurant,Chinese,2,468,30,Delivered,Card,4.5
1846,2025-05-03,Mumbai,Meghana Foods,South Indian,3,720,32,Delivered,UPI,4.4
1847,2025-03-22,Pune,Pizza Hut,Burgers,1,181,50,Delivered,Cash,3.0
1848,2025-06-10,Chennai,Meghana Foods,Desserts,3,885,30,Delivered,Wallet,3.2
1849,2025-05-29,Bangalore,Paradise Biryani,Chinese,3,969,32,Cancelled,UPI,3.3
1850,2025-03-08,Bangalore,Paradise Biryani,Chinese,4,812,26,Delivered,UPI,3.5
1851,2025-05-06,Bangalore,Domino's Pizza,South Indian,4,1460,40,Delivered,Cash,3.7
1852,2025-01-30,Pune,KFC,South Indian,1,395,29,Delivered,UPI,3.4
1853,2025-02-15,Chennai,Domino's Pizza,South Indian,2,586,49,Delivered,UPI,4.1
1854,2025-01-30,Pune,Pizza Hut,Chinese,3,786,38,Cancelled,UPI,4.9
1855,2025-06-03,Mumbai,Paradise Biryani,Burgers,1,172,42,Delivered,UPI,4.3
1856,2025-06-15,Pune,Meghana Foods,Chinese,1,347,39,Delivered,UPI,3.6
1857,2025-01-31,Delhi,Paradise Biryani,Burgers,3,1032,24,Delivered,Wallet,3.5
1858,2025-06-22,Pune,Pizza Hut,Desserts,4,1240,30,Delivered,Cash,3.9
1859,2025-01-20,Delhi,Meghana Foods,Pizza,1,318,46,Delivered,Cash,4.3
1860,2025-06-02,Chennai,A2B Veg Restaurant,Burgers,3,960,36,Delivered,UPI,4.8
1861,2025-04-28,Bangalore,Burger King,Pizza,1,212,22,Pending,Wallet,3.2
1862,2025-05-30,Chennai,A2B Veg Restaurant,Pizza,1,188,20,Delivered,UPI,3.7
1863,2025-05-28,Bangalore,Paradise Biryani,Desserts,2,378,39,Delivered,Card,3.7
1864,2025-06-17,Mumbai,Domino's Pizza,Biryani,2,452,41,Delivered,Cash,4.9
1865,2025-01-30,Mumbai,Pizza Hut,Chinese,1,328,37,Delivered,Card,3.8
1866,2025-04-23,Pune,Pizza Hut,South Indian,1,218,41,Delivered,Wallet,4.4
1867,2025-06-13,Pune,A2B Veg Restaurant,Chinese,4,1548,48,Cancelled,Cash,4.6
1868,2025-02-01,Chennai,Meghana Foods,Desserts,3,1041,28,Delivered,Cash,3.2
1869,2025-01-16,Bangalore,Paradise Biryani,South Indian,1,372,36,Pending,UPI,4.1
1870,2025-02-24,Delhi,Domino's Pizza,South Indian,3,990,31,Delivered,Cash,4.3
1871,2025-01-12,Bangalore,Domino's Pizza,Burgers,3,624,27,Delivered,Card,3.0
1872,2025-06-26,Chennai,A2B Veg Restaurant,Biryani,1,332,38,Delivered,Cash,3.9
1873,2025-06-02,Bangalore,Domino's Pizza,Pizza,2,486,44,Delivered,Wallet,5.0
1874,2025-02-25,Bangalore,Paradise Biryani,Burgers,3,975,36,Delivered,Card,3.8
1875,2025-04-29,Chennai,KFC,Chinese,1,261,30,Delivered,UPI,3.5
1876,2025-01-28,Hyderabad,Paradise Biryani,Pizza,3,681,50,Delivered,Wallet,3.1
1877,2025-03-05,Mumbai,Paradise Biryani,Pizza,4,1568,25,Delivered,UPI,3.1
1878,2025-04-30,Bangalore,KFC,Burgers,4,1292,32,Delivered,UPI,3.3
1879,2025-04-15,Pune,Paradise Biryani,South Indian,2,640,36,Delivered,UPI,4.4
1880,2025-01-26,Pune,Paradise Biryani,Desserts,4,1328,48,Delivered,UPI,4.8
1881,2025-04-18,Mumbai,Meghana Foods,Pizza,3,1017,30,Delivered,Cash,4.8
1882,2025-05-27,Chennai,KFC,Biryani,2,306,29,Delivered,Card,3.7
1883,2025-01-11,Hyderabad,Domino's Pizza,South Indian,4,1524,48,Delivered,Card,4.5
1884,2025-06-26,Hyderabad,Paradise Biryani,South Indian,1,304,40,Delivered,Cash,4.2
1885,2025-02-27,Pune,KFC,South Indian,2,658,37,Delivered,Wallet,3.5
1886,2025-05-12,Hyderabad,Paradise Biryani,Chinese,4,892,42,Delivered,UPI,3.4
1887,2025-06-26,Chennai,Paradise Biryani,Pizza,3,747,26,Delivered,Wallet,4.5
1888,2025-04-23,Chennai,Pizza Hut,Biryani,4,708,38,Delivered,Card,4.6
1889,2025-03-02,Mumbai,KFC,Pizza,3,687,39,Delivered,Wallet,4.5
1890,2025-02-01,Delhi,Meghana Foods,Biryani,1,261,29,Delivered,Cash,3.7
1891,2025-05-18,Hyderabad,Domino's Pizza,Burgers,4,1536,48,Delivered,Cash,4.3
1892,2025-02-03,Hyderabad,Pizza Hut,Chinese,1,238,30,Delivered,Cash,4.4
1893,2025-02-28,Hyderabad,Burger King,Desserts,4,740,27,Delivered,UPI,4.0
1894,2025-05-31,Hyderabad,Meghana Foods,Chinese,3,1071,44,Cancelled,UPI,3.2
1895,2025-06-29,Pune,Paradise Biryani,Pizza,1,258,33,Cancelled,Card,3.4
1896,2025-06-30,Hyderabad,Domino's Pizza,Chinese,1,153,29,Delivered,UPI,4.0
1897,2025-03-15,Pune,KFC,Pizza,1,387,34,Pending,Card,4.9
1898,2025-01-19,Chennai,KFC,Pizza,1,270,47,Delivered,Wallet,3.1
1899,2025-05-18,Bangalore,Meghana Foods,South Indian,3,882,24,Delivered,Wallet,4.3
1900,2025-01-23,Chennai,Burger King,South Indian,1,302,29,Delivered,Card,4.5
1901,2025-03-20,Pune,Paradise Biryani,Biryani,2,530,46,Delivered,Cash,5.0
1902,2025-06-29,Chennai,Burger King,Chinese,1,308,22,Cancelled,UPI,4.3
1903,2025-06-27,Bangalore,Paradise Biryani,Biryani,1,287,37,Delivered,UPI,4.8
1904,2025-04-08,Mumbai,Pizza Hut,South Indian,1,383,48,Delivered,Cash,4.0
1905,2025-05-16,Chennai,Paradise Biryani,Burgers,4,920,41,Delivered,Wallet,4.0
1906,2025-04-20,Chennai,Paradise Biryani,Biryani,3,861,33,Delivered,UPI,4.0
1907,2025-01-03,Hyderabad,KFC,Biryani,3,801,27,Delivered,Cash,3.1
1908,2025-03-25,Pune,Pizza Hut,Biryani,3,666,29,Delivered,Card,3.6
1909,2025-06-16,Mumbai,Meghana Foods,Chinese,3,693,29,Delivered,Cash,4.5
1910,2025-03-10,Pune,Paradise Biryani,Chinese,3,537,46,Delivered,Wallet,4.6
1911,2025-05-23,Mumbai,Pizza Hut,Burgers,1,391,28,Cancelled,Wallet,4.0
1912,2025-03-19,Chennai,Paradise Biryani,Chinese,1,259,44,Delivered,Cash,4.4
1913,2025-05-14,Hyderabad,Meghana Foods,Chinese,3,1050,48,Delivered,Wallet,4.9
1914,2025-02-24,Pune,Paradise Biryani,South Indian,1,243,22,Delivered,UPI,4.8
1915,2025-05-20,Bangalore,A2B Veg Restaurant,Chinese,1,326,40,Delivered,Cash,4.9
1916,2025-04-13,Mumbai,Meghana Foods,Desserts,3,495,20,Delivered,Card,4.5
1917,2025-04-02,Mumbai,Domino's Pizza,Biryani,3,885,27,Delivered,Wallet,4.1
1918,2025-03-19,Pune,KFC,Pizza,3,513,23,Delivered,Card,4.4
1919,2025-06-08,Chennai,Domino's Pizza,Burgers,1,163,27,Delivered,UPI,3.5
1920,2025-05-25,Delhi,Meghana Foods,Pizza,2,332,41,Cancelled,UPI,4.9
1921,2025-04-12,Hyderabad,KFC,Pizza,4,1348,46,Delivered,Card,3.2
1922,2025-04-02,Delhi,KFC,Desserts,2,692,27,Delivered,Wallet,3.7
1923,2025-01-31,Chennai,Meghana Foods,Biryani,2,372,30,Delivered,Wallet,3.6
1924,2025-02-14,Delhi,Meghana Foods,South Indian,2,332,33,Delivered,Wallet,3.0
1925,2025-04-01,Delhi,Paradise Biryani,Burgers,4,1380,42,Delivered,Card,3.5
1926,2025-04-12,Bangalore,Burger King,South Indian,4,1184,37,Delivered,Cash,3.8
1927,2025-04-17,Bangalore,Burger King,Biryani,1,320,32,Delivered,Cash,4.7
1928,2025-01-16,Delhi,Domino's Pizza,Pizza,2,576,47,Delivered,UPI,3.7
1929,2025-02-07,Delhi,Meghana Foods,Pizza,2,752,26,Delivered,UPI,3.3
1930,2025-01-21,Hyderabad,Meghana Foods,Desserts,3,498,21,Delivered,Cash,3.9
1931,2025-06-30,Chennai,KFC,South Indian,1,385,23,Delivered,UPI,3.2
1932,2025-06-18,Bangalore,KFC,South Indian,2,444,47,Delivered,Cash,4.9
1933,2025-03-09,Hyderabad,Paradise Biryani,Desserts,4,1284,43,Delivered,UPI,4.5
1934,2025-05-18,Chennai,Domino's Pizza,Desserts,3,786,39,Delivered,Cash,3.8
1935,2025-04-14,Delhi,KFC,Burgers,1,358,44,Delivered,Card,4.5
1936,2025-01-12,Hyderabad,Pizza Hut,Biryani,4,1072,27,Cancelled,Card,4.0
1937,2025-04-15,Mumbai,Meghana Foods,Chinese,4,696,31,Delivered,Card,4.5
1938,2025-03-12,Pune,Pizza Hut,Pizza,2,786,34,Cancelled,Cash,4.1
1939,2025-03-22,Delhi,Pizza Hut,Biryani,1,328,23,Delivered,Card,4.7
1940,2025-04-05,Hyderabad,Pizza Hut,Desserts,2,474,22,Delivered,UPI,3.3
1941,2025-05-13,Mumbai,KFC,Chinese,4,1444,46,Delivered,Wallet,3.4
1942,2025-06-11,Hyderabad,Paradise Biryani,Desserts,2,336,25,Delivered,Card,4.2
1943,2025-03-10,Chennai,Meghana Foods,Chinese,1,285,39,Delivered,UPI,3.2
1944,2025-01-26,Chennai,Paradise Biryani,Biryani,4,1356,21,Delivered,Wallet,3.7
1945,2025-05-21,Pune,Domino's Pizza,South Indian,3,726,20,Delivered,Wallet,4.3
1946,2025-01-26,Chennai,Paradise Biryani,Chinese,1,199,33,Delivered,UPI,3.7
1947,2025-04-29,Chennai,Meghana Foods,South Indian,4,708,33,Delivered,Cash,3.6
1948,2025-05-17,Chennai,Meghana Foods,Burgers,3,489,49,Delivered,Card,4.5
1949,2025-02-01,Delhi,Paradise Biryani,Pizza,3,945,34,Delivered,Card,3.3
1950,2025-02-05,Delhi,Pizza Hut,Burgers,3,678,50,Delivered,Wallet,4.7
1951,2025-02-15,Hyderabad,Paradise Biryani,Chinese,2,618,32,Delivered,Wallet,4.5
1952,2025-01-03,Delhi,KFC,Biryani,4,904,22,Delivered,Wallet,4.6
1953,2025-01-16,Chennai,KFC,Biryani,1,231,29,Delivered,Card,4.3
1954,2025-01-07,Bangalore,Meghana Foods,South Indian,3,1122,24,Delivered,UPI,3.6
1955,2025-02-22,Mumbai,Meghana Foods,Chinese,4,900,40,Delivered,Wallet,3.7
1956,2025-06-22,Pune,KFC,Desserts,3,540,36,Delivered,Card,4.5
1957,2025-01-24,Hyderabad,Burger King,South Indian,3,798,21,Cancelled,UPI,3.5
1958,2025-05-18,Pune,Domino's Pizza,Chinese,2,564,37,Cancelled,UPI,3.2
1959,2025-02-17,Bangalore,Domino's Pizza,Chinese,1,389,49,Delivered,Card,4.5
1960,2025-03-06,Bangalore,Domino's Pizza,Desserts,3,1047,40,Delivered,UPI,4.0
1961,2025-01-20,Chennai,Paradise Biryani,Pizza,2,350,46,Delivered,Wallet,4.8
1962,2025-03-12,Hyderabad,Paradise Biryani,Biryani,4,960,40,Delivered,Cash,3.5
1963,2025-02-20,Pune,A2B Veg Restaurant,Chinese,2,676,30,Pending,Cash,4.4
1964,2025-01-31,Hyderabad,Meghana Foods,South Indian,2,752,32,Delivered,UPI,4.3
1965,2025-06-02,Bangalore,KFC,Pizza,3,978,46,Pending,UPI,3.0
1966,2025-02-18,Hyderabad,Domino's Pizza,Desserts,2,482,27,Cancelled,Wallet,4.7
1967,2025-02-17,Delhi,Burger King,Pizza,3,1113,26,Delivered,Wallet,4.5
1968,2025-05-21,Delhi,KFC,South Indian,1,337,31,Cancelled,UPI,3.6
1969,2025-05-21,Bangalore,KFC,Burgers,4,736,33,Delivered,UPI,3.8
1970,2025-02-04,Mumbai,Burger King,Biryani,2,604,26,Delivered,Wallet,3.2
1971,2025-01-17,Chennai,Meghana Foods,Chinese,1,284,23,Delivered,Cash,3.8
1972,2025-02-06,Chennai,Meghana Foods,Chinese,2,464,33,Delivered,Card,3.9
1973,2025-06-02,Delhi,KFC,Biryani,4,1460,42,Delivered,Cash,4.0
1974,2025-03-06,Hyderabad,Burger King,Biryani,3,711,21,Delivered,Cash,3.7
1975,2025-04-04,Mumbai,Domino's Pizza,South Indian,3,864,43,Delivered,Wallet,3.2
1976,2025-05-18,Bangalore,Paradise Biryani,South Indian,3,855,44,Delivered,Card,3.7
1977,2025-05-08,Bangalore,Pizza Hut,South Indian,2,778,48,Delivered,Cash,3.8
1978,2025-06-13,Delhi,A2B Veg Restaurant,South Indian,1,383,39,Delivered,Cash,4.8
1979,2025-05-12,Bangalore,Meghana Foods,South Indian,1,217,39,Delivered,Cash,3.7
1980,2025-05-09,Delhi,Burger King,Desserts,1,284,36,Delivered,Card,4.9
1981,2025-06-12,Hyderabad,Burger King,South Indian,1,304,33,Delivered,Cash,4.0
1982,2025-05-16,Mumbai,Meghana Foods,Pizza,2,490,24,Cancelled,Wallet,4.4
1983,2025-04-14,Bangalore,Domino's Pizza,Chinese,3,459,22,Delivered,Card,5.0
1984,2025-04-18,Pune,Pizza Hut,Burgers,3,996,46,Delivered,UPI,4.6
1985,2025-04-14,Chennai,Domino's Pizza,South Indian,2,798,37,Delivered,UPI,4.6
1986,2025-06-02,Bangalore,A2B Veg Restaurant,Biryani,2,662,39,Cancelled,Card,3.1
1987,2025-01-04,Bangalore,KFC,Biryani,2,312,48,Delivered,Cash,4.0
1988,2025-04-19,Hyderabad,Burger King,Burgers,4,1188,21,Delivered,Card,4.7
1989,2025-06-02,Pune,Pizza Hut,Chinese,2,586,24,Pending,UPI,4.3
1990,2025-05-15,Hyderabad,Domino's Pizza,Pizza,3,873,31,Delivered,UPI,4.8
1991,2025-02-13,Mumbai,A2B Veg Restaurant,Desserts,1,373,24,Delivered,UPI,4.6
1992,2025-01-10,Delhi,Domino's Pizza,South Indian,4,1132,36,Delivered,Cash,5.0
1993,2025-06-07,Bangalore,Pizza Hut,South Indian,2,592,42,Delivered,Cash,4.3
1994,2025-03-31,Chennai,Pizza Hut,Pizza,2,380,35,Delivered,Card,3.5
1995,2025-06-04,Mumbai,Paradise Biryani,Biryani,2,746,37,Delivered,UPI,3.4
1996,2025-03-15,Bangalore,Domino's Pizza,South Indian,3,1104,50,Delivered,Cash,4.6
1997,2025-01-06,Pune,Burger King,Pizza,3,744,47,Pending,Wallet,3.8
1998,2025-06-16,Bangalore,A2B Veg Restaurant,South Indian,4,1392,27,Delivered,Cash,4.6
1999,2025-01-31,Delhi,A2B Veg Restaurant,South Indian,4,1212,47,Delivered,Wallet,4.7
2000,2025-03-18,Pune,Domino's Pizza,South Indian,2,570,31,Delivered,Wallet,4.6
